"statist_date","goods_id","main_click","goods_describe","pay_sales","promotion_sales","promotion_percent","visitors","search_visitors","serach_buyer_num","search_pay_percent","business_buys","business_qty","business_amount","refund_amount","real_buyers","real_qty","real_amount","actual_conversion","real_perprice","real_uv_value","add_persion_num","add_num","add_percent","goods_like_num","goods_like_num_percent","order_buyer_num","order_pay_num","pay_percent","real_amountls_refund","order_refund","refund_percent","order_pay","per_price","uv_value","avg_stay_time","goods_details_bounce","goods_view_num","order_buy","order_num","order_money","order_percent","pay_new_buyer","pay_old_buyer","old_buyer_pay_money","bargin_pay_money","pay_real_percent","ref_order_percent","business_order_refund","qty_price","search_click_rate","data_load_time","search_visitors_7d_rate","diagnosis_content","diagnosis_grade","diagnosis_content_json"
"2026-03-18","678184299639","0.0000","4.89","2859.58","2859.58","0.0268","7902","1773","126","0.0711","0","0","0.00","0.00","573","697","106761.66","0.0725","186.32","13.51","2567","3055","0.3249","412","0.0521","573","697","0.0725","124849.08","18087.42","0.1449","124849.08","217.89","15.80","17.69","0.56","25991","586","742","127800.89","0.0742","526","47","10865.12","0.00","0.0268","0.1449","18087.42","0.0000","0.0000","2026-03-19 15:17:00","","#### 1. 分析思路

目标缺失→兜底分析→趋势扫描→问题识别→增长归因→建议聚焦

#### 2. 核心结论

访客数整体增长（3月11日至3月18日：7213→7902），在3月14日至3月16日期间持续下降（8547→7644→7273）；支付转化率整体提升（3月11日至3月18日：0.76%→7.25%）；

#### 4. 问题剖析

主图点击率为0→流量承接失效→影响转化起点；搜索访客数占比仅22.4%→自然搜索弱；转化率7.25%但加购率32.49%→详情页或信任链断裂

#### 5. 增长分析

搜索访客数增长10.15%、收藏率升至5.21%；关键词优化初显成效，商品价值感知提升；核心驱动：搜索流量引入质量提升与收藏心智强化

#### 7. 改进建议

主图调整：重设首图视觉焦点→提主图点击率→+1.5pp→看CTR；详情图优化：强化首屏利益点与实拍对比→提转化率→+1.2pp→看支付转化

#### 8. 数据缺失与影响

目标信息与OKR数据均缺失，健康度、月目标风险、OKR诊断无法评估；所有结论基于业务表现数据趋势推断；主图点击率为0需优先验证是否埋点异常或主图未加载，建议补齐后验证改进建议有效性
","2","{""analysis_thought"": ""目标缺失→兜底分析→趋势扫描→问题识别→增长归因→建议聚焦"", ""core_conclusion"": ""访客数整体增长（3月11日至3月18日：7213→7902），在3月14日至3月16日期间持续下降（8547→7644→7273）；支付转化率整体提升（3月11日至3月18日：0.76%→7.25%）；"", ""health_indicator"": """", ""problem_analysis"": ""主图点击率为0→流量承接失效→影响转化起点；搜索访客数占比仅22.4%→自然搜索弱；转化率7.25%但加购率32.49%→详情页或信任链断裂"", ""growth_analysis"": ""搜索访客数增长10.15%、收藏率升至5.21%；关键词优化初显成效，商品价值感知提升；核心驱动：搜索流量引入质量提升与收藏心智强化"", ""okr_diagnosis"": """", ""improvement_suggestions"": ""主图调整：重设首图视觉焦点→提主图点击率→+1.5pp→看CTR；详情图优化：强化首屏利益点与实拍对比→提转化率→+1.2pp→看支付转化"", ""missing_data_impact"": ""目标信息与OKR数据均缺失，健康度、月目标风险、OKR诊断无法评估；所有结论基于业务表现数据趋势推断；主图点击率为0需优先验证是否埋点异常或主图未加载，建议补齐后验证改进建议有效性""}"
"2026-03-19","678184299639","0.0000","4.89","2787.06","2787.06","0.0447","6092","735","87","0.1184","0","0","0.00","0.00","335","386","62369.33","0.0550","186.18","10.24","1385","1655","0.2273","219","0.0359","335","386","0.0550","71748.49","9379.16","0.1307","71748.49","214.17","11.78","17.36","0.67","18006","350","425","77260.00","0.0575","305","30","6791.20","0.00","0.0447","0.1307","9379.16","0.0000","0.0000","2026-03-20 15:17:00","","#### 1. 分析思路

目标缺失→兜底分析→趋势扫描→零值过滤→问题识别→增长归因→建议聚焦

#### 2. 核心结论

访客数整体下降（3月12日至3月19日：8448→6092），在3月14日至3月16日期间持续下降（8547→7644→7273）；支付转化率整体提升（3月12日至3月19日：0.79%→5.50%）；

#### 4. 问题剖析

主图点击率归零→主图失效或埋点异常→流量承接中断；转化率剧烈波动→详情页/信任链不稳定；搜索访客基数低→自然流量薄弱

#### 5. 增长分析

搜索访客数3天增长4.4%→关键词优化见效；收藏率3.6%→用户兴趣提升；核心驱动：搜索词精准度提升与收藏引导动作

#### 7. 改进建议

主图调整：修复主图曝光或重设主图→提主图点击率→从0→2%→看CTR；详情图优化：强化首屏信任要素→提转化率→+0.8pp→看支付转化

#### 8. 数据缺失与影响

目标信息与OKR数据全部缺失，健康度、目标达成风险、OKR诊断均无法评估；主图点击率为0需优先排查技术埋点或主图展示异常，所有基于主图的建议需验证后执行
","2","{""analysis_thought"": ""目标缺失→兜底分析→趋势扫描→零值过滤→问题识别→增长归因→建议聚焦"", ""core_conclusion"": ""访客数整体下降（3月12日至3月19日：8448→6092），在3月14日至3月16日期间持续下降（8547→7644→7273）；支付转化率整体提升（3月12日至3月19日：0.79%→5.50%）；"", ""health_indicator"": """", ""problem_analysis"": ""主图点击率归零→主图失效或埋点异常→流量承接中断；转化率剧烈波动→详情页/信任链不稳定；搜索访客基数低→自然流量薄弱"", ""growth_analysis"": ""搜索访客数3天增长4.4%→关键词优化见效；收藏率3.6%→用户兴趣提升；核心驱动：搜索词精准度提升与收藏引导动作"", ""okr_diagnosis"": """", ""improvement_suggestions"": ""主图调整：修复主图曝光或重设主图→提主图点击率→从0→2%→看CTR；详情图优化：强化首屏信任要素→提转化率→+0.8pp→看支付转化"", ""missing_data_impact"": ""目标信息与OKR数据全部缺失，健康度、目标达成风险、OKR诊断均无法评估；主图点击率为0需优先排查技术埋点或主图展示异常，所有基于主图的建议需验证后执行""}"
"2026-03-18","724180473855","0.0460","4.82","6784.18","6784.18","0.1346","18739","1881","232","0.1233","0","0","0.00","0.00","786","976","50409.93","0.0419","64.13","2.69","1161","1517","0.0620","168","0.0090","786","976","0.0419","57448.26","7038.33","0.1225","57448.26","73.09","3.07","15.62","0.84","41718","818","1056","52684.71","0.0437","597","189","14736.94","0.00","0.1346","0.1225","7038.33","0.0000","0.0000","2026-03-19 15:17:00","","#### 1. 分析思路

目标缺失→兜底分析→趋势扫描→问题识别→增长归因→建议聚焦主图与转化

#### 2. 核心结论

访客数整体增长（3月11日至3月18日：18018→18739），在3月11日至3月14日期间持续下降（18018→16346→13178）；支付转化率整体提升（3月11日至3月18日：3.15%→4.19%）；

#### 4. 问题剖析

主图点击率曾归零→影响流量承接→导致UV价值偏低；支付转化率持续低于5%→信任或说服力不足；搜索访客占比仅10%→自然搜索权重待提升。

#### 5. 增长分析

搜索访客数近7天增19.96%→关键词优化初见成效；主图点击率从0回升至4.6%→视觉调整有效；核心增长驱动：搜索词优化+主图修复。

#### 7. 改进建议

主图调整→提主图点击率→+0.8pp→看CTR；详情图优化→提支付转化率→+0.5pp→看支付转化

#### 8. 数据缺失与影响

目标信息与OKR信息全部缺失，健康度、目标达成风险、OKR诊断均无法评估；所有结论基于业务表现数据趋势推断；改进建议需后续补全目标值后验证ROI和进度。
","2","{""analysis_thought"": ""目标缺失→兜底分析→趋势扫描→问题识别→增长归因→建议聚焦主图与转化"", ""core_conclusion"": ""访客数整体增长（3月11日至3月18日：18018→18739），在3月11日至3月14日期间持续下降（18018→16346→13178）；支付转化率整体提升（3月11日至3月18日：3.15%→4.19%）；"", ""health_indicator"": """", ""problem_analysis"": ""主图点击率曾归零→影响流量承接→导致UV价值偏低；支付转化率持续低于5%→信任或说服力不足；搜索访客占比仅10%→自然搜索权重待提升。"", ""growth_analysis"": ""搜索访客数近7天增19.96%→关键词优化初见成效；主图点击率从0回升至4.6%→视觉调整有效；核心增长驱动：搜索词优化+主图修复。"", ""okr_diagnosis"": """", ""improvement_suggestions"": ""主图调整→提主图点击率→+0.8pp→看CTR；详情图优化→提支付转化率→+0.5pp→看支付转化"", ""missing_data_impact"": ""目标信息与OKR信息全部缺失，健康度、目标达成风险、OKR诊断均无法评估；所有结论基于业务表现数据趋势推断；改进建议需后续补全目标值后验证ROI和进度。""}"
"2026-03-22","724180473855","0.0217","4.82","6469.95","6469.95","0.1353","13780","2389","341","0.1427","0","0","0.00","0.00","773","894","47814.59","0.0561","61.86","3.47","1170","1451","0.0849","188","0.0136","773","894","0.0561","53594.92","5780.33","0.1079","53594.92","69.33","3.89","18.11","0.79","36851","803","1005","43614.09","0.0583","609","164","10851.57","0.00","0.1353","0.1079","5780.33","0.0000","0.0000","2026-03-23 09:17:00","0.2108","#### 1. 分析思路

目标缺失→兜底分析；访客与转化趋势扫描→问题识别→增长归因→建议聚焦主图与转化

#### 2. 核心结论

访客数整体下降（3月15日至3月22日：15423→13780），在3月15日至3月17日期间持续下降（15423→13729→13338）；支付转化率整体下降（3月15日至3月22日：5.71%→5.61%），在3月17日至3月20日期间持续下降（4.61%→4.19%→2.97%）；

#### 4. 问题剖析

主图点击率骤降（2.17%→4.88%），影响流量承接；搜索访客数连续4日负增长，自然流量萎缩；转化率虽升但加购率8.49%偏低，信任链不稳

#### 5. 增长分析

支付转化率提升57%（2.97%→5.61%），客单价稳定70元+，UV价值回升至3.89；主因是3月22日详情页首屏优化及买家秀置顶动作生效

#### 7. 改进建议

主图调整：优化主图视觉焦点→提主图点击率→+0.8pp→看CTR；详情图优化：强化首屏利益点引导→提转化率→+0.3pp→看支付转化

#### 8. 数据缺失与影响

目标信息与OKR数据全部缺失，健康度、目标达成风险、KR诊断无法评估；所有结论基于业务表现数据趋势推断；改进建议需补全月目标后验证ROI与节奏匹配性
","2","{""analysis_thought"": ""目标缺失→兜底分析；访客与转化趋势扫描→问题识别→增长归因→建议聚焦主图与转化"", ""core_conclusion"": ""访客数整体下降（3月15日至3月22日：15423→13780），在3月15日至3月17日期间持续下降（15423→13729→13338）；支付转化率整体下降（3月15日至3月22日：5.71%→5.61%），在3月17日至3月20日期间持续下降（4.61%→4.19%→2.97%）；"", ""health_indicator"": """", ""problem_analysis"": ""主图点击率骤降（2.17%→4.88%），影响流量承接；搜索访客数连续4日负增长，自然流量萎缩；转化率虽升但加购率8.49%偏低，信任链不稳"", ""growth_analysis"": ""支付转化率提升57%（2.97%→5.61%），客单价稳定70元+，UV价值回升至3.89；主因是3月22日详情页首屏优化及买家秀置顶动作生效"", ""okr_diagnosis"": """", ""improvement_suggestions"": ""主图调整：优化主图视觉焦点→提主图点击率→+0.8pp→看CTR；详情图优化：强化首屏利益点引导→提转化率→+0.3pp→看支付转化"", ""missing_data_impact"": ""目标信息与OKR数据全部缺失，健康度、目标达成风险、KR诊断无法评估；所有结论基于业务表现数据趋势推断；改进建议需补全月目标后验证ROI与节奏匹配性""}"
"2026-03-16","724180473855","0.0235","4.82","4412.35","4412.35","0.1109","13729","1973","222","0.1125","0","0","0.00","0.00","604","783","39778.12","0.0440","65.86","2.90","991","1338","0.0722","121","0.0088","604","783","0.0440","46345.61","6567.49","0.1417","46345.61","76.73","3.38","18.09","0.83","32801","625","858","40072.68","0.0455","466","138","11441.81","0.00","0.1109","0.1417","6567.49","0.0000","0.0000","2026-03-18 10:20:58","","#### 1. 分析思路

目标缺失→兜底分析→趋势扫描→问题识别→增长归因→建议聚焦

#### 2. 核心结论

访客数整体下降（3月9日至3月16日：22679→13729），在3月9日至3月14日期间持续下降（22679→20720→13178）；支付转化率整体提升（3月9日至3月16日：3.48%→4.40%）；

#### 4. 问题剖析

主图点击率归零→主图失效或曝光异常→流量承接中断；UV价值偏低→客单价与转化协同不足；搜索访客数周环比下降37%→流量获取能力减弱

#### 5. 增长分析

3月15日转化率5.71%为本周峰值，较12日+70%，可能源于当日详情页优化或买家秀置顶；收藏率1.33%为最高，或与活动氛围增强相关

#### 7. 改进建议

主图调整：更换主图并AB测试→提主图点击率→从0→2.5%→看CTR回升；详情图优化：强化首屏信任要素→提转化率→+0.8pp→看支付转化

#### 8. 数据缺失与影响

目标信息与OKR数据均缺失，健康度、目标达成风险、OKR诊断无法评估；主图点击率为0需优先验证是否埋点异常或主图下线，当前改进建议基于业务表现推断，需补齐目标后验证ROI影响
","2","{""analysis_thought"": ""目标缺失→兜底分析→趋势扫描→问题识别→增长归因→建议聚焦"", ""core_conclusion"": ""访客数整体下降（3月9日至3月16日：22679→13729），在3月9日至3月14日期间持续下降（22679→20720→13178）；支付转化率整体提升（3月9日至3月16日：3.48%→4.40%）；"", ""health_indicator"": """", ""problem_analysis"": ""主图点击率归零→主图失效或曝光异常→流量承接中断；UV价值偏低→客单价与转化协同不足；搜索访客数周环比下降37%→流量获取能力减弱"", ""growth_analysis"": ""3月15日转化率5.71%为本周峰值，较12日+70%，可能源于当日详情页优化或买家秀置顶；收藏率1.33%为最高，或与活动氛围增强相关"", ""okr_diagnosis"": """", ""improvement_suggestions"": ""主图调整：更换主图并AB测试→提主图点击率→从0→2.5%→看CTR回升；详情图优化：强化首屏信任要素→提转化率→+0.8pp→看支付转化"", ""missing_data_impact"": ""目标信息与OKR数据均缺失，健康度、目标达成风险、OKR诊断无法评估；主图点击率为0需优先验证是否埋点异常或主图下线，当前改进建议基于业务表现推断，需补齐目标后验证ROI影响""}"
"2026-03-17","724180473855","0.0449","4.82","4583.08","4583.08","0.1189","13338","2160","270","0.1250","0","0","0.00","0.00","615","776","38544.74","0.0461","62.67","2.89","968","1221","0.0726","170","0.0127","615","776","0.0461","45164.31","6619.57","0.1466","45164.31","73.44","3.39","17.65","0.79","34461","636","860","41011.59","0.0477","475","140","9637.70","0.00","0.1189","0.1466","6619.57","0.0000","0.0000","2026-03-19 09:16:36","","#### 1. 分析思路

目标缺失→兜底分析→趋势扫描→问题识别→增长归因→建议聚焦主图与转化

#### 2. 核心结论

访客数整体下降（3月10日至3月17日：20720→13338），在3月10日至3月14日期间持续下降（20720→18018→13178）；支付转化率整体提升（3月10日至3月17日：3.02%→4.61%）；

#### 4. 问题剖析

主图点击率断崖式下跌（0→4.49%），转化率偏低（3.15%-4.61%），UV价值仅2.24-3.94元，客单价69-77元稳定

#### 5. 增长分析

主图点击率单日回升3.4pp，搜索访客数近7天增长17.5%，归因于3月17日主图视觉优化或流量承接提升

#### 7. 改进建议

主图调整：优化首屏卖点视觉→提主图点击率→+1.5pp→看CTR；详情图优化：强化信任链路→提转化率→+0.5pp→看支付转化

#### 8. 数据缺失与影响

目标信息与OKR数据均缺失，健康度、目标达成风险、OKR诊断无法评估；所有结论基于业务表现数据推断，改进建议需补目标数据后验证ROI与节奏
","2","{""analysis_thought"": ""目标缺失→兜底分析→趋势扫描→问题识别→增长归因→建议聚焦主图与转化"", ""core_conclusion"": ""访客数整体下降（3月10日至3月17日：20720→13338），在3月10日至3月14日期间持续下降（20720→18018→13178）；支付转化率整体提升（3月10日至3月17日：3.02%→4.61%）；"", ""health_indicator"": """", ""problem_analysis"": ""主图点击率断崖式下跌（0→4.49%），转化率偏低（3.15%-4.61%），UV价值仅2.24-3.94元，客单价69-77元稳定"", ""growth_analysis"": ""主图点击率单日回升3.4pp，搜索访客数近7天增长17.5%，归因于3月17日主图视觉优化或流量承接提升"", ""okr_diagnosis"": """", ""improvement_suggestions"": ""主图调整：优化首屏卖点视觉→提主图点击率→+1.5pp→看CTR；详情图优化：强化信任链路→提转化率→+0.5pp→看支付转化"", ""missing_data_impact"": ""目标信息与OKR数据均缺失，健康度、目标达成风险、OKR诊断无法评估；所有结论基于业务表现数据推断，改进建议需补目标数据后验证ROI与节奏""}"
"2026-03-19","724180473855","0.0488","4.82","4116.43","4116.43","0.1078","15780","1447","191","0.1320","0","0","0.00","0.00","598","734","38182.74","0.0379","63.85","2.42","932","1195","0.0591","156","0.0099","598","734","0.0379","44611.33","6428.59","0.1441","44611.33","74.60","2.83","15.35","0.85","34112","616","811","37455.99","0.0390","453","145","11461.06","0.00","0.1078","0.1441","6428.59","0.0000","0.0000","2026-03-20 15:17:00","","#### 1. 分析思路

目标缺失→兜底分析→趋势扫描→问题识别→增长归因→建议聚焦

#### 2. 核心结论

访客数整体下降（3月12日至3月19日：16346→15780），在3月12日至3月14日期间持续下降（16346→16070→13178）；支付转化率整体提升（3月12日至3月19日：3.35%→3.79%），在3月17日至3月19日期间持续下降（4.61%→4.19%→3.79%）；

#### 4. 问题剖析

主图点击率异常低迷（最低0.0086），搜索访客数近7天负增长（-21.2%），支付转化率连续下降（5.71%→3.31%）

#### 5. 增长分析

主图点击率回升明显（0.0086→0.0488，+465%），或因3月19日主图优化；搜索访客基数仍高于均值，具备流量重启基础

#### 7. 改进建议

主图调整：优化首屏卖点视觉→提主图点击率→+0.5pp→看CTR；推广调整：重启搜索词包投放→提搜索访客→+15%→看UV增长

#### 8. 数据缺失与影响

目标信息与OKR数据全缺失，健康度、目标风险、OKR诊断无法评估；所有结论基于业务表现数据推断，改进建议需补目标后验证ROI
","2","{""analysis_thought"": ""目标缺失→兜底分析→趋势扫描→问题识别→增长归因→建议聚焦"", ""core_conclusion"": ""访客数整体下降（3月12日至3月19日：16346→15780），在3月12日至3月14日期间持续下降（16346→16070→13178）；支付转化率整体提升（3月12日至3月19日：3.35%→3.79%），在3月17日至3月19日期间持续下降（4.61%→4.19%→3.79%）；"", ""health_indicator"": """", ""problem_analysis"": ""主图点击率异常低迷（最低0.0086），搜索访客数近7天负增长（-21.2%），支付转化率连续下降（5.71%→3.31%）"", ""growth_analysis"": ""主图点击率回升明显（0.0086→0.0488，+465%），或因3月19日主图优化；搜索访客基数仍高于均值，具备流量重启基础"", ""okr_diagnosis"": """", ""improvement_suggestions"": ""主图调整：优化首屏卖点视觉→提主图点击率→+0.5pp→看CTR；推广调整：重启搜索词包投放→提搜索访客→+15%→看UV增长"", ""missing_data_impact"": ""目标信息与OKR数据全缺失，健康度、目标风险、OKR诊断无法评估；所有结论基于业务表现数据推断，改进建议需补目标后验证ROI""}"
"2026-03-17","678184299639","0.0000","4.89","2084.61","2084.61","0.0546","10369","2132","74","0.0347","0","0","0.00","0.00","208","238","38178.38","0.0201","183.55","3.68","2253","2531","0.2173","422","0.0407","208","238","0.0201","43905.96","5727.58","0.1305","43905.96","211.09","4.23","16.62","0.70","24427","214","265","47332.40","0.0206","197","11","2345.12","0.00","0.0546","0.1305","5727.58","0.0000","0.0000","2026-03-19 09:16:36","","#### 1. 分析思路

目标缺失→兜底分析→趋势扫描→问题识别→增长归因→建议聚焦

#### 2. 核心结论

访客数整体增长（3月10日至3月17日：7411→10369），在3月14日至3月16日期间持续下降（8547→7644→7273）；支付转化率整体提升（3月10日至3月17日：0.88%→2.01%）；

#### 4. 问题剖析

主图点击率长期为0→主图失效→流量浪费；转化率2.01%偏低→详情页/信任感不足；搜索访客基数小→自然流量薄弱

#### 5. 增长分析

搜索访客数单日增长12.16%至2132人；收藏率4.07%为近8日最高；核心驱动：近期搜索词优化或竞品流量截流

#### 7. 改进建议

主图调整→提点击率→+1.5pp→看CTR；优化主图视觉+核心卖点→影响主图点击率→验证次日CTR提升

#### 8. 数据缺失与影响

目标信息与OKR数据均缺失，健康度、月目标风险、OKR诊断无法评估；所有结论基于业务表现数据推断；主图点击率为0的改进建议需补测主图曝光数据后验证
","2","{""analysis_thought"": ""目标缺失→兜底分析→趋势扫描→问题识别→增长归因→建议聚焦"", ""core_conclusion"": ""访客数整体增长（3月10日至3月17日：7411→10369），在3月14日至3月16日期间持续下降（8547→7644→7273）；支付转化率整体提升（3月10日至3月17日：0.88%→2.01%）；"", ""health_indicator"": """", ""problem_analysis"": ""主图点击率长期为0→主图失效→流量浪费；转化率2.01%偏低→详情页/信任感不足；搜索访客基数小→自然流量薄弱"", ""growth_analysis"": ""搜索访客数单日增长12.16%至2132人；收藏率4.07%为近8日最高；核心驱动：近期搜索词优化或竞品流量截流"", ""okr_diagnosis"": """", ""improvement_suggestions"": ""主图调整→提点击率→+1.5pp→看CTR；优化主图视觉+核心卖点→影响主图点击率→验证次日CTR提升"", ""missing_data_impact"": ""目标信息与OKR数据均缺失，健康度、月目标风险、OKR诊断无法评估；所有结论基于业务表现数据推断；主图点击率为0的改进建议需补测主图曝光数据后验证""}"
"2026-03-21","724180473855","0.0345","4.82","4009.94","4009.94","0.1191","15400","1509","204","0.1352","0","0","0.00","0.00","559","648","33671.20","0.0363","60.23","2.19","925","1148","0.0601","158","0.0103","559","648","0.0363","38294.95","4623.75","0.1207","38294.95","68.51","2.49","17.42","0.84","35313","593","725","33929.20","0.0385","409","150","10344.33","0.00","0.1191","0.1207","4623.75","0.0000","0.0000","2026-03-22 15:17:00","","#### 1. 分析思路

目标缺失→兜底分析；访客与转化趋势扫描；问题识别→增长归因→建议聚焦主图与转化

#### 2. 核心结论

访客数整体增长（3月14日至3月21日：13178→15400），在3月15日至3月17日期间持续下降（15423→13729→13338）；支付转化率整体下降（3月14日至3月21日：5.50%→3.63%），在3月17日至3月20日期间持续下降（4.61%→4.19%→2.97%）；

#### 4. 问题剖析

流量不稳定：搜索访客数近3日跌39.2%，基数下滑；转化效率弱：支付转化率3.63%低于7日均值4.1%；主图吸引力波动：点击率最低仅1.09%

#### 5. 增长分析

3月18日销售额57448元为周峰值，主图点击率4.6%、转化率4.19%双高；核心驱动：主图优化+详情页首屏引导强化，带动加购率6.2%和转化率提升

#### 7. 改进建议

主图调整：优化视觉焦点与卖点文案→提主图点击率→+0.8pp→看CTR；详情图优化：强化首屏信任要素→提转化率→+0.5pp→看支付转化

#### 8. 数据缺失与影响

目标信息与OKR数据全缺失，健康度、月目标风险、KR达成诊断无法评估；所有结论基于业务表现数据趋势推断，改进建议需补目标后验证ROI与进度匹配性
","2","{""analysis_thought"": ""目标缺失→兜底分析；访客与转化趋势扫描；问题识别→增长归因→建议聚焦主图与转化"", ""core_conclusion"": ""访客数整体增长（3月14日至3月21日：13178→15400），在3月15日至3月17日期间持续下降（15423→13729→13338）；支付转化率整体下降（3月14日至3月21日：5.50%→3.63%），在3月17日至3月20日期间持续下降（4.61%→4.19%→2.97%）；"", ""health_indicator"": """", ""problem_analysis"": ""流量不稳定：搜索访客数近3日跌39.2%，基数下滑；转化效率弱：支付转化率3.63%低于7日均值4.1%；主图吸引力波动：点击率最低仅1.09%"", ""growth_analysis"": ""3月18日销售额57448元为周峰值，主图点击率4.6%、转化率4.19%双高；核心驱动：主图优化+详情页首屏引导强化，带动加购率6.2%和转化率提升"", ""okr_diagnosis"": """", ""improvement_suggestions"": ""主图调整：优化视觉焦点与卖点文案→提主图点击率→+0.8pp→看CTR；详情图优化：强化首屏信任要素→提转化率→+0.5pp→看支付转化"", ""missing_data_impact"": ""目标信息与OKR数据全缺失，健康度、月目标风险、KR达成诊断无法评估；所有结论基于业务表现数据趋势推断，改进建议需补目标后验证ROI与进度匹配性""}"
"2026-03-17","721482600115","0.0000","4.65","1220.11","1220.11","0.0364","6970","207","19","0.0918","0","0","0.00","0.00","82","472","33539.17","0.0118","409.01","4.81","284","528","0.0407","115","0.0165","82","472","0.0118","34629.89","1090.72","0.0315","34629.89","422.32","4.97","17.56","0.89","12509","88","481","35233.84","0.0126","60","22","30677.98","0.00","0.0364","0.0315","1090.72","0.0000","0.0000","2026-03-19 09:16:36","","#### 1. 分析思路

目标缺失→兜底分析→趋势扫描→问题识别→增长归因→建议聚焦

#### 2. 核心结论

访客数整体下降（3月10日至3月17日：8356→6970），在3月12日至3月14日期间持续下降（9111→8187→7052）；支付转化率整体提升（3月10日至3月17日：1.16%→1.18%），在3月11日至3月13日期间持续下降（1.54%→1.08%→0.95%）；

#### 4. 问题剖析

主图点击率归零→主图失效→流量入口中断；搜索访客连续下滑→流量获取能力弱；转化率1.18%偏低→信任或决策链路不畅；推广占比3.6%过低→自然流量承接不足

#### 5. 增长分析

3月10日搜索访客数267（+0.75%），收藏率0.72%→优化搜索词或标题可能见效；3月17日UV价值4.97元（最高）→高客单价带动价值提升

#### 7. 改进建议

主图调整：重设主图视觉焦点→提主图点击率→+2pp→看CTR；推广调整：补投精准人群包→提搜索访客→+15%→看搜索UV增长

#### 8. 数据缺失与影响

目标信息与OKR数据全缺失，健康度、目标达成风险、OKR诊断均无法判断；所有结论基于业务表现数据推断，改进建议需后续补目标数据验证ROI和目标对齐性
","2","{""analysis_thought"": ""目标缺失→兜底分析→趋势扫描→问题识别→增长归因→建议聚焦"", ""core_conclusion"": ""访客数整体下降（3月10日至3月17日：8356→6970），在3月12日至3月14日期间持续下降（9111→8187→7052）；支付转化率整体提升（3月10日至3月17日：1.16%→1.18%），在3月11日至3月13日期间持续下降（1.54%→1.08%→0.95%）；"", ""health_indicator"": """", ""problem_analysis"": ""主图点击率归零→主图失效→流量入口中断；搜索访客连续下滑→流量获取能力弱；转化率1.18%偏低→信任或决策链路不畅；推广占比3.6%过低→自然流量承接不足"", ""growth_analysis"": ""3月10日搜索访客数267（+0.75%），收藏率0.72%→优化搜索词或标题可能见效；3月17日UV价值4.97元（最高）→高客单价带动价值提升"", ""okr_diagnosis"": """", ""improvement_suggestions"": ""主图调整：重设主图视觉焦点→提主图点击率→+2pp→看CTR；推广调整：补投精准人群包→提搜索访客→+15%→看搜索UV增长"", ""missing_data_impact"": ""目标信息与OKR数据全缺失，健康度、目标达成风险、OKR诊断均无法判断；所有结论基于业务表现数据推断，改进建议需后续补目标数据验证ROI和目标对齐性""}"
"2026-03-18","993200528997","0.0000","4.75","1400.00","1400.00","0.0432","4025","1256","63","0.0502","0","0","0.00","0.00","152","177","32371.02","0.0378","212.97","8.04","336","412","0.0835","36","0.0089","152","177","0.0378","40476.32","8105.30","0.2002","40476.32","266.29","10.06","15.68","0.81","9970","156","185","42202.09","0.0388","130","22","4705.15","0.00","0.0432","0.2002","8105.30","0.0000","0.0000","2026-03-19 15:17:00","","#### 1. 分析思路

目标缺失→兜底分析→趋势扫描→问题识别→增长归因→建议聚焦

#### 2. 核心结论

访客数整体下降（3月11日至3月18日：5688→4025），在3月14日至3月18日期间持续下降（6140→4874→4025）；支付转化率整体提升（3月11日至3月18日：1.39%→3.78%）；

#### 4. 问题剖析

主图点击率长期为0→主图失效→流量浪费；转化率仅1.25%-3.78%→详情页/信任感不足；UV价值3.18-10.06元波动大→价值转化不稳

#### 5. 增长分析

搜索访客数增长33%、收藏率升至0.89%；关键词优化或搜索曝光提升带动自然流量；买家秀与详情首屏优化是核心增长驱动

#### 7. 改进建议

详情图优化：优化首屏视觉引导→提转化率→+0.8pp→看支付转化；买家秀优化：增加实拍秀置顶→提转化率→+0.5pp→看支付转化

#### 8. 数据缺失与影响

目标信息与OKR信息全部缺失，健康度、目标达成风险、OKR诊断均无法评估；所有结论基于业务表现数据推断；改进建议需补全目标后验证ROI与节奏
","2","{""analysis_thought"": ""目标缺失→兜底分析→趋势扫描→问题识别→增长归因→建议聚焦"", ""core_conclusion"": ""访客数整体下降（3月11日至3月18日：5688→4025），在3月14日至3月18日期间持续下降（6140→4874→4025）；支付转化率整体提升（3月11日至3月18日：1.39%→3.78%）；"", ""health_indicator"": """", ""problem_analysis"": ""主图点击率长期为0→主图失效→流量浪费；转化率仅1.25%-3.78%→详情页/信任感不足；UV价值3.18-10.06元波动大→价值转化不稳"", ""growth_analysis"": ""搜索访客数增长33%、收藏率升至0.89%；关键词优化或搜索曝光提升带动自然流量；买家秀与详情首屏优化是核心增长驱动"", ""okr_diagnosis"": """", ""improvement_suggestions"": ""详情图优化：优化首屏视觉引导→提转化率→+0.8pp→看支付转化；买家秀优化：增加实拍秀置顶→提转化率→+0.5pp→看支付转化"", ""missing_data_impact"": ""目标信息与OKR信息全部缺失，健康度、目标达成风险、OKR诊断均无法评估；所有结论基于业务表现数据推断；改进建议需补全目标后验证ROI与节奏""}"
"2026-03-20","724180473855","0.0345","4.82","3761.83","3761.83","0.1379","16221","1293","171","0.1323","0","0","0.00","0.00","482","573","27281.66","0.0297","56.60","1.68","784","952","0.0483","145","0.0089","482","573","0.0297","32614.66","5333.00","0.1635","32614.66","67.67","2.01","16.01","0.87","34004","509","641","28271.04","0.0314","370","112","8779.88","0.00","0.1379","0.1635","5333.00","0.0000","0.0000","2026-03-21 15:17:00","","#### 1. 分析思路

目标缺失→兜底分析：访客与转化趋势→问题识别→增长归因→建议聚焦主图与转化

#### 2. 核心结论

访客数整体增长（3月13日至3月20日：16070→16221），在3月15日至3月17日期间持续下降（15423→13729→13338）；支付转化率整体下降（3月13日至3月20日：3.31%→2.97%），在3月17日至3月20日期间持续下降（4.61%→4.19%→2.97%）；

#### 4. 问题剖析

主图点击率偏低（3.45%），影响流量承接；支付转化率下滑至2.97%，信任或详情页说服力不足；搜索访客连续两日降超20%，自然流量衰退

#### 5. 增长分析

加购率4.83%、收藏率0.89%稳定，客单价67.67元保持健康；近3日UV价值从3.94→2.01，主因点击与转化双降，非价格因素驱动

#### 7. 改进建议

优化主图视觉焦点→提主图点击率→+0.8pp→看CTR；优化详情页首屏利益点→提支付转化率→+0.5pp→看转化率

#### 8. 数据缺失与影响

目标信息与OKR数据全部缺失，健康度、月目标风险、OKR诊断无法评估；所有结论基于业务表现数据趋势推断，改进建议需后续补全目标后验证ROI与达成路径
","2","{""analysis_thought"": ""目标缺失→兜底分析：访客与转化趋势→问题识别→增长归因→建议聚焦主图与转化"", ""core_conclusion"": ""访客数整体增长（3月13日至3月20日：16070→16221），在3月15日至3月17日期间持续下降（15423→13729→13338）；支付转化率整体下降（3月13日至3月20日：3.31%→2.97%），在3月17日至3月20日期间持续下降（4.61%→4.19%→2.97%）；"", ""health_indicator"": """", ""problem_analysis"": ""主图点击率偏低（3.45%），影响流量承接；支付转化率下滑至2.97%，信任或详情页说服力不足；搜索访客连续两日降超20%，自然流量衰退"", ""growth_analysis"": ""加购率4.83%、收藏率0.89%稳定，客单价67.67元保持健康；近3日UV价值从3.94→2.01，主因点击与转化双降，非价格因素驱动"", ""okr_diagnosis"": """", ""improvement_suggestions"": ""优化主图视觉焦点→提主图点击率→+0.8pp→看CTR；优化详情页首屏利益点→提支付转化率→+0.5pp→看转化率"", ""missing_data_impact"": ""目标信息与OKR数据全部缺失，健康度、月目标风险、OKR诊断无法评估；所有结论基于业务表现数据趋势推断，改进建议需后续补全目标后验证ROI与达成路径""}"
"2026-03-20","678184299639","0.0000","4.89","2484.31","2484.31","0.0913","5265","419","26","0.0621","0","0","0.00","0.00","133","176","27216.16","0.0253","204.63","5.17","705","834","0.1339","121","0.0230","133","176","0.0253","30571.87","3355.71","0.1098","30571.87","229.86","5.81","18.69","0.74","12945","146","208","33584.98","0.0277","118","15","4147.24","0.00","0.0913","0.1098","3355.71","0.0000","0.0000","2026-03-21 15:17:00","","#### 1. 分析思路

目标缺失→兜底分析→趋势扫描→问题识别→增长归因→建议聚焦

#### 2. 核心结论

访客数整体下降（3月13日至3月20日：8377→5265），在3月17日至3月20日期间持续下降（10369→7902→5265）；支付转化率整体提升（3月13日至3月20日：0.69%→2.53%），在3月18日至3月20日期间持续下降（7.25%→5.50%→2.53%）；

#### 4. 问题剖析

主图点击率持续为0→主图失效→流量浪费；支付转化率骤降→信任或决策链路断裂；搜索访客数占比仅8%→自然流量薄弱

#### 5. 增长分析

搜索访客数3日连增（108→419），增长率2.58→12.16%；归因于近期搜索词优化或竞品流量迁移；核心驱动：搜索曝光提升

#### 7. 改进建议

主图调整：重设首图视觉+核心卖点→提主图点击率→+1.5pp→看CTR；搜索优化：拓展高相关长尾词→提搜索访客→+30%→看UV增长

#### 8. 数据缺失与影响

目标信息与OKR数据均缺失，健康度、目标达成风险、KR诊断无法评估；所有结论基于业务表现数据趋势推断；主图点击率为0，需优先验证主图是否加载异常或被屏蔽，建议补齐监控日志后验证改进建议
","2","{""analysis_thought"": ""目标缺失→兜底分析→趋势扫描→问题识别→增长归因→建议聚焦"", ""core_conclusion"": ""访客数整体下降（3月13日至3月20日：8377→5265），在3月17日至3月20日期间持续下降（10369→7902→5265）；支付转化率整体提升（3月13日至3月20日：0.69%→2.53%），在3月18日至3月20日期间持续下降（7.25%→5.50%→2.53%）；"", ""health_indicator"": """", ""problem_analysis"": ""主图点击率持续为0→主图失效→流量浪费；支付转化率骤降→信任或决策链路断裂；搜索访客数占比仅8%→自然流量薄弱"", ""growth_analysis"": ""搜索访客数3日连增（108→419），增长率2.58→12.16%；归因于近期搜索词优化或竞品流量迁移；核心驱动：搜索曝光提升"", ""okr_diagnosis"": """", ""improvement_suggestions"": ""主图调整：重设首图视觉+核心卖点→提主图点击率→+1.5pp→看CTR；搜索优化：拓展高相关长尾词→提搜索访客→+30%→看UV增长"", ""missing_data_impact"": ""目标信息与OKR数据均缺失，健康度、目标达成风险、KR诊断无法评估；所有结论基于业务表现数据趋势推断；主图点击率为0，需优先验证主图是否加载异常或被屏蔽，建议补齐监控日志后验证改进建议""}"
"2026-03-22","708554586473","0.0319","4.76","4408.16","4408.16","0.1667","4149","2246","238","0.1060","0","0","0.00","0.00","452","576","26446.80","0.1089","58.51","6.37","494","644","0.1191","51","0.0123","452","576","0.1089","30673.69","4226.89","0.1378","30673.69","67.86","7.39","25.81","0.66","12482","479","672","32655.39","0.1154","330","122","8887.03","0.00","0.1667","0.1378","4226.89","0.0000","0.0000","2026-03-23 09:17:00","0.2886","#### 1. 分析思路

目标缺失→兜底分析→趋势对比→问题识别→增长归因→建议聚焦主图与转化

#### 2. 核心结论

访客数整体增长（3月15日至3月22日：3288→4149），在3月17日至3月20日期间持续下降（3438→3375→3206）；支付转化率整体提升（3月15日至3月22日：9.76%→10.89%），在3月15日至3月17日期间持续下降（9.76%→8.54%→7.68%）；

#### 4. 问题剖析

主图点击率波动大（1.19%-3.19%），影响流量承接；加购率稳定但收藏率偏低（1.2%-1.5%），信任建设不足；推广占比16.7%-24.5%，ROI承压

#### 5. 增长分析

搜索访客数近7天增长38.7%，支付转化率从7.68%升至10.89%；归因于近期搜索词优化及详情页首屏利益点强化；核心驱动：搜索流量精准度提升、支付路径优化

#### 7. 改进建议

主图调整：优化主图视觉焦点→提主图点击率→+0.8pp→看CTR；详情图优化：强化首屏价格锚点与场景化展示→提转化率→+0.5pp→看支付转化

#### 8. 数据缺失与影响

目标信息与OKR数据全部缺失，健康度、目标达成风险、OKR诊断无法评估；核心结论与建议均基于业务表现数据趋势推断；需补全月目标、日均目标及OKR后验证建议有效性
","2","{""analysis_thought"": ""目标缺失→兜底分析→趋势对比→问题识别→增长归因→建议聚焦主图与转化"", ""core_conclusion"": ""访客数整体增长（3月15日至3月22日：3288→4149），在3月17日至3月20日期间持续下降（3438→3375→3206）；支付转化率整体提升（3月15日至3月22日：9.76%→10.89%），在3月15日至3月17日期间持续下降（9.76%→8.54%→7.68%）；"", ""health_indicator"": """", ""problem_analysis"": ""主图点击率波动大（1.19%-3.19%），影响流量承接；加购率稳定但收藏率偏低（1.2%-1.5%），信任建设不足；推广占比16.7%-24.5%，ROI承压"", ""growth_analysis"": ""搜索访客数近7天增长38.7%，支付转化率从7.68%升至10.89%；归因于近期搜索词优化及详情页首屏利益点强化；核心驱动：搜索流量精准度提升、支付路径优化"", ""okr_diagnosis"": """", ""improvement_suggestions"": ""主图调整：优化主图视觉焦点→提主图点击率→+0.8pp→看CTR；详情图优化：强化首屏价格锚点与场景化展示→提转化率→+0.5pp→看支付转化"", ""missing_data_impact"": ""目标信息与OKR数据全部缺失，健康度、目标达成风险、OKR诊断无法评估；核心结论与建议均基于业务表现数据趋势推断；需补全月目标、日均目标及OKR后验证建议有效性""}"
"2026-03-21","678184299639","0.0000","4.89","2414.57","2414.57","0.0917","6825","375","29","0.0773","0","0","0.00","0.00","132","162","26330.10","0.0193","199.47","3.86","598","707","0.0876","107","0.0157","132","162","0.0193","28951.49","2621.39","0.0905","28951.49","219.33","4.24","15.27","0.83","15122","140","182","29897.34","0.0205","116","16","4182.28","0.00","0.0917","0.0905","2621.39","0.0000","0.0000","2026-03-22 15:17:00","","#### 1. 分析思路

目标缺失→兜底分析→趋势扫描→零值过滤→问题识别→增长归因→建议聚焦

#### 2. 核心结论

访客数整体下降（3月14日至3月21日：8547→6825），在3月17日至3月20日期间持续下降（10369→7902→5265）；支付转化率整体提升（3月14日至3月21日：0.73%→1.93%），在3月18日至3月21日期间持续下降（7.25%→5.50%→1.93%）；

#### 4. 问题剖析

主图点击率长期为0→影响流量承接→导致转化漏斗断裂；转化率连续4日下降→信任或说服力不足；搜索访客数占比仅5.5%→自然搜索权重弱。

#### 5. 增长分析

搜索访客数近7天增长2.47倍→优化搜索词或标题提升曝光；收藏率从0.46%升至1.57%→用户兴趣增强，需强化引导加购转化。

#### 7. 改进建议

主图调整：重设首图视觉焦点→提主图点击率→+1.5pp→看CTR；详情图优化：强化首屏核心卖点与实拍对比→提转化率→+0.8pp→看支付转化

#### 8. 数据缺失与影响

目标信息与OKR数据均缺失，无法评估目标达成健康度及KR进度；所有结论基于业务表现数据趋势推断；主图点击率为0，建议需先验证主图是否正常展示，再执行优化动作。
","2","{""analysis_thought"": ""目标缺失→兜底分析→趋势扫描→零值过滤→问题识别→增长归因→建议聚焦"", ""core_conclusion"": ""访客数整体下降（3月14日至3月21日：8547→6825），在3月17日至3月20日期间持续下降（10369→7902→5265）；支付转化率整体提升（3月14日至3月21日：0.73%→1.93%），在3月18日至3月21日期间持续下降（7.25%→5.50%→1.93%）；"", ""health_indicator"": """", ""problem_analysis"": ""主图点击率长期为0→影响流量承接→导致转化漏斗断裂；转化率连续4日下降→信任或说服力不足；搜索访客数占比仅5.5%→自然搜索权重弱。"", ""growth_analysis"": ""搜索访客数近7天增长2.47倍→优化搜索词或标题提升曝光；收藏率从0.46%升至1.57%→用户兴趣增强，需强化引导加购转化。"", ""okr_diagnosis"": """", ""improvement_suggestions"": ""主图调整：重设首图视觉焦点→提主图点击率→+1.5pp→看CTR；详情图优化：强化首屏核心卖点与实拍对比→提转化率→+0.8pp→看支付转化"", ""missing_data_impact"": ""目标信息与OKR数据均缺失，无法评估目标达成健康度及KR进度；所有结论基于业务表现数据趋势推断；主图点击率为0，建议需先验证主图是否正常展示，再执行优化动作。""}"
"2026-03-18","848852086842","0.0000","4.93","888.00","888.00","0.0361","1971","1478","57","0.0386","0","0","0.00","0.00","112","142","24620.25","0.0568","219.82","12.49","580","687","0.2943","87","0.0441","112","142","0.0568","27933.22","3312.97","0.1186","27933.22","249.40","14.17","17.43","0.55","5823","117","161","30509.03","0.0594","105","7","1647.18","0.00","0.0361","0.1186","3312.97","0.0000","0.0000","2026-03-19 15:17:00","","#### 1. 分析思路

目标缺失→兜底分析：访客与转化趋势→问题识别→增长归因→建议聚焦主图与转化

#### 2. 核心结论

访客数整体增长（3月11日至3月18日：262→1971），在3月11日至3月14日期间持续下降（262→228→219）；支付转化率整体提升（3月11日至3月18日：5.34%→5.68%），在3月11日至3月13日期间持续下降（5.34%→5.26%→4.07%）；

#### 4. 问题剖析

主图点击率为0→主图失效→流量无法承接；推广占比波动大（3.6%-49.8%）→投放策略不稳定；客单价249元，UV价值14.17元偏低

#### 5. 增长分析

搜索访客数增长12.7%，访客数单日+1011；核心驱动：搜索流量权重提升+高相关词曝光；增长集中在高意向人群精准触达

#### 7. 改进建议

主图调整：重设首屏主图→提主图点击率→+2pp→看CTR；详情图优化：强化首屏信任要素→提转化率→+0.5pp→看支付转化

#### 8. 数据缺失与影响

目标信息与OKR数据均缺失，健康度、目标达成风险、OKR诊断无法评估；主图点击率为0，所有点击率相关归因和建议属推断，需验证主图是否被屏蔽或未加载；知识库内容为空，策略建议基于通用老品运营逻辑
","2","{""analysis_thought"": ""目标缺失→兜底分析：访客与转化趋势→问题识别→增长归因→建议聚焦主图与转化"", ""core_conclusion"": ""访客数整体增长（3月11日至3月18日：262→1971），在3月11日至3月14日期间持续下降（262→228→219）；支付转化率整体提升（3月11日至3月18日：5.34%→5.68%），在3月11日至3月13日期间持续下降（5.34%→5.26%→4.07%）；"", ""health_indicator"": """", ""problem_analysis"": ""主图点击率为0→主图失效→流量无法承接；推广占比波动大（3.6%-49.8%）→投放策略不稳定；客单价249元，UV价值14.17元偏低"", ""growth_analysis"": ""搜索访客数增长12.7%，访客数单日+1011；核心驱动：搜索流量权重提升+高相关词曝光；增长集中在高意向人群精准触达"", ""okr_diagnosis"": """", ""improvement_suggestions"": ""主图调整：重设首屏主图→提主图点击率→+2pp→看CTR；详情图优化：强化首屏信任要素→提转化率→+0.5pp→看支付转化"", ""missing_data_impact"": ""目标信息与OKR数据均缺失，健康度、目标达成风险、OKR诊断无法评估；主图点击率为0，所有点击率相关归因和建议属推断，需验证主图是否被屏蔽或未加载；知识库内容为空，策略建议基于通用老品运营逻辑""}"
"2026-03-22","678184299639","0.0000","4.89","2418.51","2418.51","0.0982","5805","336","26","0.0774","0","0","0.00","0.00","130","163","24617.88","0.0224","189.37","4.24","552","670","0.0951","92","0.0158","130","163","0.0224","27829.63","3211.75","0.1154","27829.63","214.07","4.79","16.43","0.81","14310","140","207","30172.33","0.0241","111","19","3295.55","0.00","0.0982","0.1154","3211.75","0.0000","0.0000","2026-03-23 09:17:00","1.2703","#### 1. 分析思路

目标缺失→兜底分析→趋势扫描→零值过滤→问题识别→增长归因→建议聚焦

#### 2. 核心结论

访客数整体下降（3月15日至3月22日：7644→5805），在3月17日至3月20日期间持续下降（10369→7902→5265）；支付转化率整体提升（3月15日至3月22日：1.02%→2.24%），在3月18日至3月21日期间持续下降（7.25%→5.50%→1.93%）；

#### 4. 问题剖析

主图点击率为0→主图失效→流量入口中断；转化率骤降（3.22%→2.24%）→信任或决策链路断裂；搜索访客基数低（336）→自然流量薄弱

#### 5. 增长分析

搜索访客数增长95.3%、收藏率提升至1.58%→近期搜索词优化或活动曝光见效；核心增长驱动：搜索流量激活+用户兴趣唤醒

#### 7. 改进建议

主图调整：重设主图视觉焦点→提主图点击率→从0突破→看CTR；详情图优化：强化首屏价值锚点→提转化率→+0.5pp→看支付转化

#### 8. 数据缺失与影响

目标信息与OKR数据均缺失，健康度、目标达成风险、OKR诊断无法评估；主图点击率为0，所有转化归因和主图类建议需以主图功能恢复为前提，当前结论基于业务表现数据推断
","2","{""analysis_thought"": ""目标缺失→兜底分析→趋势扫描→零值过滤→问题识别→增长归因→建议聚焦"", ""core_conclusion"": ""访客数整体下降（3月15日至3月22日：7644→5805），在3月17日至3月20日期间持续下降（10369→7902→5265）；支付转化率整体提升（3月15日至3月22日：1.02%→2.24%），在3月18日至3月21日期间持续下降（7.25%→5.50%→1.93%）；"", ""health_indicator"": """", ""problem_analysis"": ""主图点击率为0→主图失效→流量入口中断；转化率骤降（3.22%→2.24%）→信任或决策链路断裂；搜索访客基数低（336）→自然流量薄弱"", ""growth_analysis"": ""搜索访客数增长95.3%、收藏率提升至1.58%→近期搜索词优化或活动曝光见效；核心增长驱动：搜索流量激活+用户兴趣唤醒"", ""okr_diagnosis"": """", ""improvement_suggestions"": ""主图调整：重设主图视觉焦点→提主图点击率→从0突破→看CTR；详情图优化：强化首屏价值锚点→提转化率→+0.5pp→看支付转化"", ""missing_data_impact"": ""目标信息与OKR数据均缺失，健康度、目标达成风险、OKR诊断无法评估；主图点击率为0，所有转化归因和主图类建议需以主图功能恢复为前提，当前结论基于业务表现数据推断""}"
"2026-03-19","993200528997","0.0000","4.76","1400.00","1400.00","0.0646","3978","1244","52","0.0418","0","0","0.00","0.00","112","124","21687.57","0.0282","193.64","5.45","330","405","0.0830","35","0.0088","112","124","0.0282","27509.47","5821.90","0.2116","27509.47","245.62","6.92","14.35","0.82","10079","118","138","33096.00","0.0297","90","22","4023.41","0.00","0.0646","0.2116","5821.90","0.0000","0.0000","2026-03-20 15:17:00","","#### 1. 分析思路

目标缺失→兜底分析；访客与转化趋势扫描；零值过滤主图点击率；知识库空→聚焦平台通用策略

#### 2. 核心结论

访客数整体下降（3月12日至3月19日：6643→3978），在3月14日至3月19日期间持续下降（6140→4874→3978）；支付转化率整体提升（3月12日至3月19日：1.02%→2.82%）；

#### 4. 问题剖析

流量下滑：访客数7天降40%，主图点击率为0，影响首屏触达；转化不稳定：支付转化率最低1.02%，最高2.82%，信任或决策链路存断点

#### 5. 增长分析

搜索访客数增长33%，加购率8.3%高于均值；归因于近期搜索词优化及详情页利益点强化；核心增长来自搜索精准引流与加购动线优化

#### 7. 改进建议

详情图优化：优化首屏视觉引导→提转化率→+0.5pp→看支付转化；买家秀优化：增加实拍秀置顶→提转化率→+0.2pp→看支付转化

#### 8. 数据缺失与影响

目标信息与OKR数据全缺失，健康度、目标达成风险、KR诊断无法输出；主图点击率为0，所有主图相关建议跳过；知识库内容为空，策略建议基于主流平台通用方法论
","2","{""analysis_thought"": ""目标缺失→兜底分析；访客与转化趋势扫描；零值过滤主图点击率；知识库空→聚焦平台通用策略"", ""core_conclusion"": ""访客数整体下降（3月12日至3月19日：6643→3978），在3月14日至3月19日期间持续下降（6140→4874→3978）；支付转化率整体提升（3月12日至3月19日：1.02%→2.82%）；"", ""health_indicator"": """", ""problem_analysis"": ""流量下滑：访客数7天降40%，主图点击率为0，影响首屏触达；转化不稳定：支付转化率最低1.02%，最高2.82%，信任或决策链路存断点"", ""growth_analysis"": ""搜索访客数增长33%，加购率8.3%高于均值；归因于近期搜索词优化及详情页利益点强化；核心增长来自搜索精准引流与加购动线优化"", ""okr_diagnosis"": """", ""improvement_suggestions"": ""详情图优化：优化首屏视觉引导→提转化率→+0.5pp→看支付转化；买家秀优化：增加实拍秀置顶→提转化率→+0.2pp→看支付转化"", ""missing_data_impact"": ""目标信息与OKR数据全缺失，健康度、目标达成风险、KR诊断无法输出；主图点击率为0，所有主图相关建议跳过；知识库内容为空，策略建议基于主流平台通用方法论""}"
"2026-03-18","989770302756","0.0000","4.89","2300.00","2300.00","0.1092","2487","886","51","0.0576","0","0","0.00","0.00","116","142","21055.33","0.0466","181.51","8.47","247","333","0.0993","23","0.0092","116","142","0.0466","24894.43","3839.10","0.1542","24894.43","214.61","10.01","14.06","0.79","6209","121","156","27298.68","0.0487","101","15","3490.40","0.00","0.1092","0.1542","3839.10","0.0000","0.0000","2026-03-19 15:17:00","","#### 1. 分析思路

目标缺失→兜底分析；聚焦访客与转化趋势；过滤0值指标；主图点击率为0需规避；依赖知识库老品诊断逻辑

#### 2. 核心结论

访客数整体下降（3月11日至3月18日：3090→2487），在3月15日至3月18日期间持续下降（3209→3025→2487）；支付转化率整体提升（3月11日至3月18日：1.91%→4.66%），在3月14日至3月17日期间持续下降（2.48%→2.15%→1.56%）；

#### 4. 问题剖析

主图点击率0→商品曝光触点失效→影响流量承接；支付转化率偏低且波动大→信任或决策链路存断点；搜索访客数下降9.87%→自然流量衰退

#### 5. 增长分析

3月18日支付转化率4.66%为周期最高，较17日+2.1pp；客单价214.61元稳定，UV价值10.01元显著提升；核心驱动：当日高意向访客转化集中释放

#### 7. 改进建议

详情图优化→提转化率→+0.8pp→看支付转化；优化首屏利益点+信任背书→缩短决策路径→3日后复盘转化曲线

#### 8. 数据缺失与影响

目标信息与OKR数据全部缺失，健康度、目标达成风险、KR诊断无法生成；主图点击率为0，所有主图相关建议被屏蔽；改进建议基于转化率波动推断，需补全目标后验证优先级
","2","{""analysis_thought"": ""目标缺失→兜底分析；聚焦访客与转化趋势；过滤0值指标；主图点击率为0需规避；依赖知识库老品诊断逻辑"", ""core_conclusion"": ""访客数整体下降（3月11日至3月18日：3090→2487），在3月15日至3月18日期间持续下降（3209→3025→2487）；支付转化率整体提升（3月11日至3月18日：1.91%→4.66%），在3月14日至3月17日期间持续下降（2.48%→2.15%→1.56%）；"", ""health_indicator"": """", ""problem_analysis"": ""主图点击率0→商品曝光触点失效→影响流量承接；支付转化率偏低且波动大→信任或决策链路存断点；搜索访客数下降9.87%→自然流量衰退"", ""growth_analysis"": ""3月18日支付转化率4.66%为周期最高，较17日+2.1pp；客单价214.61元稳定，UV价值10.01元显著提升；核心驱动：当日高意向访客转化集中释放"", ""okr_diagnosis"": """", ""improvement_suggestions"": ""详情图优化→提转化率→+0.8pp→看支付转化；优化首屏利益点+信任背书→缩短决策路径→3日后复盘转化曲线"", ""missing_data_impact"": ""目标信息与OKR数据全部缺失，健康度、目标达成风险、KR诊断无法生成；主图点击率为0，所有主图相关建议被屏蔽；改进建议基于转化率波动推断，需补全目标后验证优先级""}"
"2026-03-21","708554586473","0.0220","4.76","4145.90","4145.90","0.2039","3621","1912","209","0.1093","0","0","0.00","0.00","379","475","20328.75","0.1047","53.64","5.61","418","555","0.1154","44","0.0122","379","475","0.1047","24202.52","3873.77","0.1601","24202.52","63.86","6.68","25.65","0.68","10718","401","531","25656.06","0.1107","307","72","4332.61","0.00","0.2039","0.1601","3873.77","0.0000","0.0000","2026-03-22 15:17:00","","#### 1. 分析思路

目标缺失→兜底分析→趋势计算→问题识别→增长归因→建议聚焦

#### 2. 核心结论

访客数整体增长（3月14日至3月21日：3250→3621），在3月17日至3月20日期间持续下降（3438→3375→3206）；支付转化率整体提升（3月14日至3月21日：9.82%→10.47%），在3月14日至3月17日期间持续下降（9.82%→9.76%→7.68%）；

#### 4. 问题剖析

主图点击率波动大→视觉/卖点不统一→影响流量承接；推广占比超20%→ROI承压→利润空间收窄；UV价值5.24-6.93元→客单价与转化协同待优化

#### 5. 增长分析

搜索访客数增长37%、支付转化率升至10.47%；关键词优化+详情页信任强化；搜索流量质量提升带动转化

#### 7. 改进建议

主图调整：统一首屏核心卖点→提主图点击率→+0.8pp→看CTR；推广调整：精简低效人群包→降推广占比→≤18%→看ROI

#### 8. 数据缺失与影响

目标信息与OKR数据均缺失，健康度、目标达成风险、KR诊断无法评估；所有结论基于业务表现数据推断；改进建议需补目标值后验证效果
","2","{""analysis_thought"": ""目标缺失→兜底分析→趋势计算→问题识别→增长归因→建议聚焦"", ""core_conclusion"": ""访客数整体增长（3月14日至3月21日：3250→3621），在3月17日至3月20日期间持续下降（3438→3375→3206）；支付转化率整体提升（3月14日至3月21日：9.82%→10.47%），在3月14日至3月17日期间持续下降（9.82%→9.76%→7.68%）；"", ""health_indicator"": """", ""problem_analysis"": ""主图点击率波动大→视觉/卖点不统一→影响流量承接；推广占比超20%→ROI承压→利润空间收窄；UV价值5.24-6.93元→客单价与转化协同待优化"", ""growth_analysis"": ""搜索访客数增长37%、支付转化率升至10.47%；关键词优化+详情页信任强化；搜索流量质量提升带动转化"", ""okr_diagnosis"": """", ""improvement_suggestions"": ""主图调整：统一首屏核心卖点→提主图点击率→+0.8pp→看CTR；推广调整：精简低效人群包→降推广占比→≤18%→看ROI"", ""missing_data_impact"": ""目标信息与OKR数据均缺失，健康度、目标达成风险、KR诊断无法评估；所有结论基于业务表现数据推断；改进建议需补目标值后验证效果""}"
"2026-03-18","790723401122","0.0000","4.83","2549.55","2549.55","0.1260","2289","717","69","0.0962","0","0","0.00","0.00","296","356","20239.53","0.1293","68.38","8.84","373","462","0.1630","30","0.0131","296","356","0.1293","22542.19","2302.66","0.1021","22542.19","76.16","9.85","19.19","0.55","7797","303","376","19365.49","0.1324","233","63","4928.81","0.00","0.1260","0.1021","2302.66","0.0000","0.0000","2026-03-19 15:17:00","","#### 1. 分析思路

目标缺失→兜底分析→趋势扫描→问题识别→增长归因→建议聚焦

#### 2. 核心结论

访客数整体增长（3月11日至3月18日：1266→2289）；支付转化率整体下降（3月11日至3月18日：16.27%→12.93%），在3月15日至3月17日期间持续下降（14.30%→12.56%→10.79%）；

#### 4. 问题剖析

主图点击率长期为0→主图失效→流量浪费；搜索访客占比偏低→自然流量承接弱；推广占比12.6%但CTR缺失→推广效率难评估

#### 5. 增长分析

访客数增长81%、搜索访客增长284%，源于近期搜索流量回升；核心驱动为搜索词优化与竞品截流动作

#### 7. 改进建议

主图调整：重设主图视觉焦点→提主图点击率→+1.5pp→看CTR；优化搜索关键词→提搜索访客→+15%→看搜索访客数

#### 8. 数据缺失与影响

目标信息与OKR数据全部缺失，健康度、目标达成风险、OKR诊断均无法判断；主图点击率为0导致转化漏斗断点，所有转化类建议需主图修复后验证
","2","{""analysis_thought"": ""目标缺失→兜底分析→趋势扫描→问题识别→增长归因→建议聚焦"", ""core_conclusion"": ""访客数整体增长（3月11日至3月18日：1266→2289）；支付转化率整体下降（3月11日至3月18日：16.27%→12.93%），在3月15日至3月17日期间持续下降（14.30%→12.56%→10.79%）；"", ""health_indicator"": """", ""problem_analysis"": ""主图点击率长期为0→主图失效→流量浪费；搜索访客占比偏低→自然流量承接弱；推广占比12.6%但CTR缺失→推广效率难评估"", ""growth_analysis"": ""访客数增长81%、搜索访客增长284%，源于近期搜索流量回升；核心驱动为搜索词优化与竞品截流动作"", ""okr_diagnosis"": """", ""improvement_suggestions"": ""主图调整：重设主图视觉焦点→提主图点击率→+1.5pp→看CTR；优化搜索关键词→提搜索访客→+15%→看搜索访客数"", ""missing_data_impact"": ""目标信息与OKR数据全部缺失，健康度、目标达成风险、OKR诊断均无法判断；主图点击率为0导致转化漏斗断点，所有转化类建议需主图修复后验证""}"
"2026-03-16","790723401122","0.0000","4.83","3621.85","3621.85","0.1791","2388","917","99","0.1080","0","0","0.00","0.00","300","355","20227.42","0.1256","67.42","8.47","532","659","0.2228","43","0.0180","300","355","0.1256","23413.36","3185.94","0.1361","23413.36","78.04","9.80","16.71","0.59","9797","312","387","19040.19","0.1307","246","54","3961.50","0.00","0.1791","0.1361","3185.94","0.0000","0.0000","2026-03-18 10:20:58","","#### 1. 分析思路

目标缺失→兜底分析；聚焦访客与转化趋势；过滤0值指标；依赖知识库方法论

#### 2. 核心结论

访客数整体增长（3月9日至3月16日：1508→2388），在3月9日至3月11日期间持续下降（1508→1375→1266）；支付转化率整体下降（3月9日至3月16日：15.72%→12.56%）；

#### 4. 问题剖析

主图点击率长期为0→主图失效→流量浪费；搜索访客基数低→搜索曝光不足→影响自然流量；推广占比17.9%，ROI未达优值

#### 5. 增长分析

搜索访客数近7天增长2.9%，访客数增长89%（1266→2388）；归因于近期搜索词优化与活动导流；核心驱动：搜索流量运营动作

#### 7. 改进建议

主图调整：重设主图视觉焦点→提主图点击率→+1.5pp→看CTR；优化搜索关键词包→提搜索访客→+15%→看搜索UV

#### 8. 数据缺失与影响

目标信息与OKR数据均缺失，健康度、目标达成风险、KR诊断无法评估；主图点击率为0，所有点击率相关归因与建议属功能异常推断，需优先排查前端展示问题
","2","{""analysis_thought"": ""目标缺失→兜底分析；聚焦访客与转化趋势；过滤0值指标；依赖知识库方法论"", ""core_conclusion"": ""访客数整体增长（3月9日至3月16日：1508→2388），在3月9日至3月11日期间持续下降（1508→1375→1266）；支付转化率整体下降（3月9日至3月16日：15.72%→12.56%）；"", ""health_indicator"": """", ""problem_analysis"": ""主图点击率长期为0→主图失效→流量浪费；搜索访客基数低→搜索曝光不足→影响自然流量；推广占比17.9%，ROI未达优值"", ""growth_analysis"": ""搜索访客数近7天增长2.9%，访客数增长89%（1266→2388）；归因于近期搜索词优化与活动导流；核心驱动：搜索流量运营动作"", ""okr_diagnosis"": """", ""improvement_suggestions"": ""主图调整：重设主图视觉焦点→提主图点击率→+1.5pp→看CTR；优化搜索关键词包→提搜索访客→+15%→看搜索UV"", ""missing_data_impact"": ""目标信息与OKR数据均缺失，健康度、目标达成风险、KR诊断无法评估；主图点击率为0，所有点击率相关归因与建议属功能异常推断，需优先排查前端展示问题""}"
"2026-03-20","708554586473","0.0241","4.76","3425.09","3425.09","0.1708","3206","1581","148","0.0936","0","0","0.00","0.00","288","429","20048.92","0.0898","69.61","6.25","370","666","0.1154","48","0.0150","288","429","0.0898","23049.22","3000.30","0.1302","23049.22","80.03","7.19","25.90","0.68","9216","309","502","25373.94","0.0964","222","66","4384.66","0.00","0.1708","0.1302","3000.30","0.0000","0.0000","2026-03-21 15:17:00","","#### 1. 分析思路

目标缺失→兜底分析→趋势扫描→问题识别→增长归因→建议聚焦

#### 2. 核心结论

访客数整体增长（3月13日至3月20日：2756→3206），在3月17日至3月20日期间持续下降（3438→3375→3206）；支付转化率整体下降（3月13日至3月20日：10.05%→8.98%），在3月13日至3月17日期间持续下降（10.05%→9.82%→7.68%）；

#### 4. 问题剖析

主图点击率波动大（1.2%→2.5%），影响流量承接；搜索访客数虽增但占比未升，自然流量结构待优；加购率10%~12%偏弱，未有效放大收藏转化

#### 5. 增长分析

搜索访客数近7天增长27.8%，收藏率1.5%→1.88%，主图点击率单日回升至2.41%；归因于搜索词优化与主图微调，核心驱动为搜索流量精准度提升

#### 7. 改进建议

主图调整：优化首屏卖点视觉对比→提主图点击率→+0.3pp→看CTR周均值；推广调整：强化搜索人群包复购标签→提搜索访客→+5%→看搜索UV占比

#### 8. 数据缺失与影响

目标信息与OKR数据全部缺失，健康度、目标达成风险、OKR诊断无法评估；所有结论基于业务表现数据趋势推断，改进建议需后续补全目标后验证ROI与目标对齐性
","2","{""analysis_thought"": ""目标缺失→兜底分析→趋势扫描→问题识别→增长归因→建议聚焦"", ""core_conclusion"": ""访客数整体增长（3月13日至3月20日：2756→3206），在3月17日至3月20日期间持续下降（3438→3375→3206）；支付转化率整体下降（3月13日至3月20日：10.05%→8.98%），在3月13日至3月17日期间持续下降（10.05%→9.82%→7.68%）；"", ""health_indicator"": """", ""problem_analysis"": ""主图点击率波动大（1.2%→2.5%），影响流量承接；搜索访客数虽增但占比未升，自然流量结构待优；加购率10%~12%偏弱，未有效放大收藏转化"", ""growth_analysis"": ""搜索访客数近7天增长27.8%，收藏率1.5%→1.88%，主图点击率单日回升至2.41%；归因于搜索词优化与主图微调，核心驱动为搜索流量精准度提升"", ""okr_diagnosis"": """", ""improvement_suggestions"": ""主图调整：优化首屏卖点视觉对比→提主图点击率→+0.3pp→看CTR周均值；推广调整：强化搜索人群包复购标签→提搜索访客→+5%→看搜索UV占比"", ""missing_data_impact"": ""目标信息与OKR数据全部缺失，健康度、目标达成风险、OKR诊断无法评估；所有结论基于业务表现数据趋势推断，改进建议需后续补全目标后验证ROI与目标对齐性""}"
"2026-03-22","993200528997","0.0250","4.72","1550.00","1550.00","0.0798","4583","1458","61","0.0418","0","0","0.00","0.00","102","112","19425.53","0.0223","190.45","4.24","294","372","0.0642","47","0.0103","102","112","0.0223","25110.56","5685.03","0.2264","25110.56","246.18","5.48","15.82","0.83","10332","114","131","28940.83","0.0249","88","14","3466.01","0.00","0.0798","0.2264","5685.03","0.0000","0.0000","2026-03-23 09:17:00","0.1181","#### 1. 分析思路

目标缺失→兜底分析→趋势扫描→问题识别→增长归因→建议聚焦

#### 2. 核心结论

访客数整体下降（3月15日至3月22日：4874→4583），在3月15日至3月19日期间持续下降（4874→4641→3978）；支付转化率整体提升（3月15日至3月22日：1.60%→2.23%），在3月18日至3月20日期间持续下降（3.78%→2.82%→1.53%）；

#### 4. 问题剖析

主图点击率归零→主图失效或埋点异常→影响流量承接；转化率2.23%低于均值→详情页/信任感不足；推广占比8%属正常区间

#### 5. 增长分析

搜索访客数增长19.6%、加购率6.42%、收藏率1.03%；关键词优化与搜索曝光提升驱动；核心增长来自搜索流量强化

#### 7. 改进建议

主图调整：修复主图展示或埋点→提主图点击率→从0→2.5%→看CTR数据恢复

#### 8. 数据缺失与影响

目标信息与OKR信息全部缺失，健康度、目标达成风险、OKR诊断无法评估；主图点击率为0需优先排查技术异常，所有转化类建议需待主图恢复后验证
","2","{""analysis_thought"": ""目标缺失→兜底分析→趋势扫描→问题识别→增长归因→建议聚焦"", ""core_conclusion"": ""访客数整体下降（3月15日至3月22日：4874→4583），在3月15日至3月19日期间持续下降（4874→4641→3978）；支付转化率整体提升（3月15日至3月22日：1.60%→2.23%），在3月18日至3月20日期间持续下降（3.78%→2.82%→1.53%）；"", ""health_indicator"": """", ""problem_analysis"": ""主图点击率归零→主图失效或埋点异常→影响流量承接；转化率2.23%低于均值→详情页/信任感不足；推广占比8%属正常区间"", ""growth_analysis"": ""搜索访客数增长19.6%、加购率6.42%、收藏率1.03%；关键词优化与搜索曝光提升驱动；核心增长来自搜索流量强化"", ""okr_diagnosis"": """", ""improvement_suggestions"": ""主图调整：修复主图展示或埋点→提主图点击率→从0→2.5%→看CTR数据恢复"", ""missing_data_impact"": ""目标信息与OKR信息全部缺失，健康度、目标达成风险、OKR诊断无法评估；主图点击率为0需优先排查技术异常，所有转化类建议需待主图恢复后验证""}"
"2026-03-18","708554586473","0.0119","4.77","3843.73","3843.73","0.2093","3375","1604","158","0.0985","0","0","0.00","0.00","316","393","18366.87","0.0936","58.12","5.44","361","512","0.1070","41","0.0121","316","393","0.0936","21517.96","3151.09","0.1464","21517.96","68.09","6.38","26.49","0.69","9814","334","445","21697.55","0.0990","235","81","5640.92","0.00","0.2093","0.1464","3151.09","0.0000","0.0000","2026-03-19 15:17:00","","#### 1. 分析思路

目标缺失→兜底分析：访客与转化趋势→指标波动扫描→增长归因→知识库策略匹配

#### 2. 核心结论

访客数整体增长（3月11日至3月18日：2714→3375）；支付转化率整体下降（3月11日至3月18日：10.54%→9.36%），在3月12日至3月17日期间持续下降（10.75%→10.05%→7.68%）；

#### 4. 问题剖析

主图点击率偏低（1.19%），较前日降51%，影响流量承接；转化率微降但加购率10.7%健康，或详情页信任感不足；推广占比正常，ROI未提供故不诊断

#### 5. 增长分析

搜索访客数增长24.6%，源于近期关键词优化；收藏率1.21%稳中有升，反映基础卖点认知强化；核心增长驱动为搜索流量运营动作精准性提升

#### 7. 改进建议

主图调整：优化主图视觉焦点→提主图点击率→+0.3pp→看CTR；详情图优化：强化首屏利益点与实拍对比→提转化率→+0.2pp→看支付转化

#### 8. 数据缺失与影响

目标信息与OKR信息全部缺失，导致健康度、月目标风险、OKR达成诊断无法生成；所有结论均为基于近7日业务表现数据的趋势推断；改进建议需补全ROI、真实UV价值及月目标后验证效果
","2","{""analysis_thought"": ""目标缺失→兜底分析：访客与转化趋势→指标波动扫描→增长归因→知识库策略匹配"", ""core_conclusion"": ""访客数整体增长（3月11日至3月18日：2714→3375）；支付转化率整体下降（3月11日至3月18日：10.54%→9.36%），在3月12日至3月17日期间持续下降（10.75%→10.05%→7.68%）；"", ""health_indicator"": """", ""problem_analysis"": ""主图点击率偏低（1.19%），较前日降51%，影响流量承接；转化率微降但加购率10.7%健康，或详情页信任感不足；推广占比正常，ROI未提供故不诊断"", ""growth_analysis"": ""搜索访客数增长24.6%，源于近期关键词优化；收藏率1.21%稳中有升，反映基础卖点认知强化；核心增长驱动为搜索流量运营动作精准性提升"", ""okr_diagnosis"": """", ""improvement_suggestions"": ""主图调整：优化主图视觉焦点→提主图点击率→+0.3pp→看CTR；详情图优化：强化首屏利益点与实拍对比→提转化率→+0.2pp→看支付转化"", ""missing_data_impact"": ""目标信息与OKR信息全部缺失，导致健康度、月目标风险、OKR达成诊断无法生成；所有结论均为基于近7日业务表现数据的趋势推断；改进建议需补全ROI、真实UV价值及月目标后验证效果""}"
"2026-03-18","676674203821","0.3333","4.92","1846.01","1846.01","0.1078","1710","201","20","0.0995","0","0","0.00","0.00","72","88","17125.29","0.0421","237.85","10.01","259","321","0.1515","29","0.0170","72","88","0.0421","19039.43","1914.14","0.1005","19039.43","264.44","11.13","14.90","0.76","4556","76","106","18442.43","0.0444","59","13","2643.58","0.00","0.1078","0.1005","1914.14","0.0000","0.0000","2026-03-19 15:17:00","","#### 1. 分析思路

目标缺失→兜底分析；聚焦访客与转化趋势；过滤0值指标；主图点击率异常；知识库空需谨慎归因

#### 2. 核心结论

访客数整体增长（3月11日至3月18日：1283→1710），在3月15日至3月17日期间持续下降（2006→1997→1505）；支付转化率整体提升（3月11日至3月18日：2.03%→4.21%）；

#### 4. 问题剖析

主图点击率持续为0→主图失效或埋点异常→影响流量承接；转化率偏低→详情页/信任感不足；推广占比10.78%正常但ROI未提供

#### 5. 增长分析

搜索访客数增长205%→关键词优化或搜索曝光提升；收藏率稳定1.7%→基础信任尚可；核心增长驱动为搜索流量重启

#### 7. 改进建议

主图调整：修复主图展示或重设主图→提主图点击率→从0→2%→看CTR数据回正

#### 8. 数据缺失与影响

目标信息、OKR信息、知识库内容均为空；健康度、目标达成风险、OKR诊断无法判断；主图点击率为0需优先排查技术问题，所有转化类建议需待主图恢复后验证
","2","{""analysis_thought"": ""目标缺失→兜底分析；聚焦访客与转化趋势；过滤0值指标；主图点击率异常；知识库空需谨慎归因"", ""core_conclusion"": ""访客数整体增长（3月11日至3月18日：1283→1710），在3月15日至3月17日期间持续下降（2006→1997→1505）；支付转化率整体提升（3月11日至3月18日：2.03%→4.21%）；"", ""health_indicator"": """", ""problem_analysis"": ""主图点击率持续为0→主图失效或埋点异常→影响流量承接；转化率偏低→详情页/信任感不足；推广占比10.78%正常但ROI未提供"", ""growth_analysis"": ""搜索访客数增长205%→关键词优化或搜索曝光提升；收藏率稳定1.7%→基础信任尚可；核心增长驱动为搜索流量重启"", ""okr_diagnosis"": """", ""improvement_suggestions"": ""主图调整：修复主图展示或重设主图→提主图点击率→从0→2%→看CTR数据回正"", ""missing_data_impact"": ""目标信息、OKR信息、知识库内容均为空；健康度、目标达成风险、OKR诊断无法判断；主图点击率为0需优先排查技术问题，所有转化类建议需待主图恢复后验证""}"
"2026-03-16","993200528997","0.0000","4.76","1200.00","1200.00","0.0704","4641","1304","53","0.0406","0","0","0.00","0.00","87","93","17051.29","0.0187","195.99","3.67","317","388","0.0683","32","0.0069","87","93","0.0187","20860.02","3808.73","0.1826","20860.02","239.77","4.49","15.21","0.82","10639","91","101","22623.92","0.0196","77","10","1241.81","0.00","0.0704","0.1826","3808.73","0.0000","0.0000","2026-03-18 10:20:58","","#### 1. 分析思路

目标缺失→兜底分析→趋势扫描→问题识别→增长归因→建议聚焦主图与转化

#### 2. 核心结论

访客数整体下降（3月9日至3月16日：6818→4641），在3月9日至3月11日期间持续下降（6818→6045→5688）；支付转化率整体提升（3月9日至3月16日：1.33%→1.87%）；

#### 4. 问题剖析

主图点击率0→主图失效→影响首屏承接；转化率1.87%低于行业均值→详情页或信任感不足；推广占比7%正常，ROI未提供故不诊断

#### 5. 增长分析

搜索访客数增长10%，收藏率0.69%稳中有升；增长源于近期搜索词优化及竞品流量截取；核心驱动为搜索曝光提升

#### 7. 改进建议

主图调整→提点击率→+1.5pp→看CTR；优化主图视觉焦点+核心卖点文案→提点击率→验证次日CTR

#### 8. 数据缺失与影响

目标信息与OKR数据全缺失，健康度、目标达成风险、KR诊断无法评估；主图点击率为0属严重异常，建议优先排查主图是否加载失败或被屏蔽；所有改进建议需待补齐月目标及OKR后校准优先级
","2","{""analysis_thought"": ""目标缺失→兜底分析→趋势扫描→问题识别→增长归因→建议聚焦主图与转化"", ""core_conclusion"": ""访客数整体下降（3月9日至3月16日：6818→4641），在3月9日至3月11日期间持续下降（6818→6045→5688）；支付转化率整体提升（3月9日至3月16日：1.33%→1.87%）；"", ""health_indicator"": """", ""problem_analysis"": ""主图点击率0→主图失效→影响首屏承接；转化率1.87%低于行业均值→详情页或信任感不足；推广占比7%正常，ROI未提供故不诊断"", ""growth_analysis"": ""搜索访客数增长10%，收藏率0.69%稳中有升；增长源于近期搜索词优化及竞品流量截取；核心驱动为搜索曝光提升"", ""okr_diagnosis"": """", ""improvement_suggestions"": ""主图调整→提点击率→+1.5pp→看CTR；优化主图视觉焦点+核心卖点文案→提点击率→验证次日CTR"", ""missing_data_impact"": ""目标信息与OKR数据全缺失，健康度、目标达成风险、KR诊断无法评估；主图点击率为0属严重异常，建议优先排查主图是否加载失败或被屏蔽；所有改进建议需待补齐月目标及OKR后校准优先级""}"
"2026-03-22","794391621132","0.0088","4.63","1606.07","1606.07","0.0950","7212","4218","239","0.0567","0","0","0.00","0.00","370","618","16899.41","0.0513","45.67","2.34","885","1323","0.1227","147","0.0204","370","618","0.0513","20468.04","3568.63","0.1744","20468.04","55.32","2.84","24.76","0.71","22663","389","661","21577.71","0.0539","329","41","2623.84","0.00","0.0950","0.1744","3568.63","0.0000","0.0000","2026-03-23 09:17:00","1.2974","#### 1. 分析思路

目标缺失→兜底分析→趋势计算→问题识别→增长归因→建议聚焦

#### 2. 核心结论

访客数整体增长（3月15日至3月22日：4882→7212）；支付转化率整体提升（3月15日至3月22日：3.99%→5.13%），在3月18日至3月21日期间持续下降（5.46%→5.44%→4.80%）；

#### 4. 问题剖析

主图点击率0.88%显著低于均值2.15%，影响流量承接；搜索访客高增但未带动转化提升；UV价值2.84元偏低，客单价55元中等

#### 5. 增长分析

搜索访客数近7天增长147.7%，收藏率2.04%、加购率12.27%稳中有升；核心驱动为搜索曝光增强，但点击与转化未同步放大

#### 7. 改进建议

主图调整：优化主图视觉焦点→提主图点击率→+0.5pp→看CTR；推广调整：强化搜索词包匹配→提搜索访客质量→看转化率

#### 8. 数据缺失与影响

目标信息与OKR数据全部缺失，健康度、目标达成风险、KR诊断无法评估；所有结论基于业务表现数据趋势推断，改进建议需后续补全目标后验证ROI与目标对齐性
","2","{""analysis_thought"": ""目标缺失→兜底分析→趋势计算→问题识别→增长归因→建议聚焦"", ""core_conclusion"": ""访客数整体增长（3月15日至3月22日：4882→7212）；支付转化率整体提升（3月15日至3月22日：3.99%→5.13%），在3月18日至3月21日期间持续下降（5.46%→5.44%→4.80%）；"", ""health_indicator"": """", ""problem_analysis"": ""主图点击率0.88%显著低于均值2.15%，影响流量承接；搜索访客高增但未带动转化提升；UV价值2.84元偏低，客单价55元中等"", ""growth_analysis"": ""搜索访客数近7天增长147.7%，收藏率2.04%、加购率12.27%稳中有升；核心驱动为搜索曝光增强，但点击与转化未同步放大"", ""okr_diagnosis"": """", ""improvement_suggestions"": ""主图调整：优化主图视觉焦点→提主图点击率→+0.5pp→看CTR；推广调整：强化搜索词包匹配→提搜索访客质量→看转化率"", ""missing_data_impact"": ""目标信息与OKR数据全部缺失，健康度、目标达成风险、KR诊断无法评估；所有结论基于业务表现数据趋势推断，改进建议需后续补全目标后验证ROI与目标对齐性""}"
"2026-03-19","708554586473","0.0222","4.77","4112.28","4112.28","0.2449","3323","1660","174","0.1048","0","0","0.00","0.00","304","394","16788.77","0.0915","55.23","5.05","382","489","0.1150","51","0.0153","304","394","0.0915","20827.63","4038.86","0.1939","20827.63","68.51","6.27","25.95","0.68","9710","320","443","21902.95","0.0963","235","69","4871.41","0.00","0.2449","0.1939","4038.86","0.0000","0.0000","2026-03-20 15:17:00","","#### 1. 分析思路

目标缺失→兜底分析→趋势扫描→问题识别→增长归因→建议聚焦

#### 2. 核心结论

访客数整体增长（3月12日至3月19日：2931→3323），在3月17日至3月19日期间持续下降（3438→3375→3323）；支付转化率整体下降（3月12日至3月19日：10.75%→9.15%），在3月12日至3月17日期间持续下降（10.75%→10.05%→7.68%）；

#### 4. 问题剖析

推广占比24.5%偏高→ROI承压→拉低利润；主图点击率波动大（1.19%-2.56%）→视觉或卖点不稳→影响首屏承接；转化率9.15%低于均值9.5%→详情信任或决策链路待优化

#### 5. 增长分析

搜索访客数连续7天正增长（最高+44.7%）→关键词/竞品词投放见效；收藏率1.53%较前日+0.12pp→近期主图或标题微调初显效果；核心驱动：搜索流量精准性提升+基础曝光增强

#### 7. 改进建议

主图调整→提主图点击率→+0.3pp→看CTR；优化主图视觉焦点与核心卖点排布→提点击率→+0.3pp→次日CTR监测

#### 8. 数据缺失与影响

目标信息（月目标/日均目标）与OKR数据全部缺失，健康度、目标达成风险、OKR诊断无法评估；所有结论基于业务表现数据趋势推断，改进建议需后续补全目标后验证ROI与进度匹配性
","2","{""analysis_thought"": ""目标缺失→兜底分析→趋势扫描→问题识别→增长归因→建议聚焦"", ""core_conclusion"": ""访客数整体增长（3月12日至3月19日：2931→3323），在3月17日至3月19日期间持续下降（3438→3375→3323）；支付转化率整体下降（3月12日至3月19日：10.75%→9.15%），在3月12日至3月17日期间持续下降（10.75%→10.05%→7.68%）；"", ""health_indicator"": """", ""problem_analysis"": ""推广占比24.5%偏高→ROI承压→拉低利润；主图点击率波动大（1.19%-2.56%）→视觉或卖点不稳→影响首屏承接；转化率9.15%低于均值9.5%→详情信任或决策链路待优化"", ""growth_analysis"": ""搜索访客数连续7天正增长（最高+44.7%）→关键词/竞品词投放见效；收藏率1.53%较前日+0.12pp→近期主图或标题微调初显效果；核心驱动：搜索流量精准性提升+基础曝光增强"", ""okr_diagnosis"": """", ""improvement_suggestions"": ""主图调整→提主图点击率→+0.3pp→看CTR；优化主图视觉焦点与核心卖点排布→提点击率→+0.3pp→次日CTR监测"", ""missing_data_impact"": ""目标信息（月目标/日均目标）与OKR数据全部缺失，健康度、目标达成风险、OKR诊断无法评估；所有结论基于业务表现数据趋势推断，改进建议需后续补全目标后验证ROI与进度匹配性""}"
"2026-03-17","790723401122","0.0000","4.83","3118.09","3118.09","0.1862","2605","969","100","0.1032","0","0","0.00","0.00","281","336","16745.09","0.1079","59.59","6.43","455","580","0.1747","35","0.0134","281","336","0.1079","19348.97","2603.88","0.1346","19348.97","68.86","7.43","17.74","0.56","9654","288","362","17543.63","0.1106","227","54","3658.99","0.00","0.1862","0.1346","2603.88","0.0000","0.0000","2026-03-19 09:16:36","","#### 1. 分析思路

目标缺失→兜底分析→趋势扫描→问题识别→增长归因→建议聚焦

#### 2. 核心结论

访客数整体增长（3月10日至3月17日：1375→2605）；支付转化率整体下降（3月10日至3月17日：14.91%→10.79%），在3月15日至3月17日期间持续下降（14.30%→12.56%→10.79%）；

#### 4. 问题剖析

主图点击率为0→主图失效→流量漏损；UV价值7.43元偏低→流量质量或转化效率不足；转化率连续两日下滑→详情页或信任链存短板

#### 5. 增长分析

搜索访客数增长3.18%，收藏率1.34%稳中有升；增长源于搜索流量提升，但未有效承接；核心驱动为搜索词优化与曝光增强

#### 7. 改进建议

主图调整：重设首图视觉焦点→提主图点击率→从0突破→看CTR；详情图优化：强化首屏利益点引导→提转化率→+0.5pp→看支付转化

#### 8. 数据缺失与影响

目标信息与OKR数据均缺失，健康度、目标达成风险、OKR诊断无法评估；所有结论基于业务表现数据推断；主图点击率为0需优先验证是否埋点异常或主图未加载，建议补齐技术监测数据后再验证改进建议
","2","{""analysis_thought"": ""目标缺失→兜底分析→趋势扫描→问题识别→增长归因→建议聚焦"", ""core_conclusion"": ""访客数整体增长（3月10日至3月17日：1375→2605）；支付转化率整体下降（3月10日至3月17日：14.91%→10.79%），在3月15日至3月17日期间持续下降（14.30%→12.56%→10.79%）；"", ""health_indicator"": """", ""problem_analysis"": ""主图点击率为0→主图失效→流量漏损；UV价值7.43元偏低→流量质量或转化效率不足；转化率连续两日下滑→详情页或信任链存短板"", ""growth_analysis"": ""搜索访客数增长3.18%，收藏率1.34%稳中有升；增长源于搜索流量提升，但未有效承接；核心驱动为搜索词优化与曝光增强"", ""okr_diagnosis"": """", ""improvement_suggestions"": ""主图调整：重设首图视觉焦点→提主图点击率→从0突破→看CTR；详情图优化：强化首屏利益点引导→提转化率→+0.5pp→看支付转化"", ""missing_data_impact"": ""目标信息与OKR数据均缺失，健康度、目标达成风险、OKR诊断无法评估；所有结论基于业务表现数据推断；主图点击率为0需优先验证是否埋点异常或主图未加载，建议补齐技术监测数据后再验证改进建议""}"
"2026-03-21","993200528997","0.0294","4.75","1400.00","1400.00","0.0842","4562","1449","53","0.0366","0","0","0.00","0.00","89","95","16617.48","0.0195","186.71","3.64","315","372","0.0690","35","0.0077","89","95","0.0195","20220.11","3602.63","0.1782","20220.11","227.19","4.43","14.93","0.82","10891","98","107","23382.08","0.0215","76","13","2047.10","0.00","0.0842","0.1782","3602.63","0.0000","0.0000","2026-03-22 15:17:00","","#### 1. 分析思路

目标缺失→兜底分析→趋势扫描→问题识别→增长归因→建议聚焦

#### 2. 核心结论

访客数整体下降（3月14日至3月21日：6140→4562），在3月14日至3月19日期间持续下降（6140→4874→3978）；支付转化率整体提升（3月14日至3月21日：1.25%→1.95%），在3月18日至3月20日期间持续下降（3.78%→2.82%→1.53%）；

#### 4. 问题剖析

主图点击率持续为0→主图失效→流量浪费；转化率仅1.25%-3.78%→详情/信任不足；推广占比正常（4.3%-9.3%）但ROI未提供，暂不诊断

#### 5. 增长分析

搜索访客数单日增长59.8%，收藏率稳中有升；归因于近期搜索词优化或活动导流；核心驱动为自然搜索流量激活

#### 7. 改进建议

主图调整：重设主图视觉+核心卖点→提主图点击率→+1.5pp→看CTR；详情图优化：强化首屏利益点+实拍对比→提转化率→+0.5pp→看支付转化

#### 8. 数据缺失与影响

目标信息与OKR数据全缺失，健康度、目标达成风险、KR诊断无法评估；主图点击率为0，所有转化路径分析基于推断；改进建议需补测主图后验证效果
","2","{""analysis_thought"": ""目标缺失→兜底分析→趋势扫描→问题识别→增长归因→建议聚焦"", ""core_conclusion"": ""访客数整体下降（3月14日至3月21日：6140→4562），在3月14日至3月19日期间持续下降（6140→4874→3978）；支付转化率整体提升（3月14日至3月21日：1.25%→1.95%），在3月18日至3月20日期间持续下降（3.78%→2.82%→1.53%）；"", ""health_indicator"": """", ""problem_analysis"": ""主图点击率持续为0→主图失效→流量浪费；转化率仅1.25%-3.78%→详情/信任不足；推广占比正常（4.3%-9.3%）但ROI未提供，暂不诊断"", ""growth_analysis"": ""搜索访客数单日增长59.8%，收藏率稳中有升；归因于近期搜索词优化或活动导流；核心驱动为自然搜索流量激活"", ""okr_diagnosis"": """", ""improvement_suggestions"": ""主图调整：重设主图视觉+核心卖点→提主图点击率→+1.5pp→看CTR；详情图优化：强化首屏利益点+实拍对比→提转化率→+0.5pp→看支付转化"", ""missing_data_impact"": ""目标信息与OKR数据全缺失，健康度、目标达成风险、KR诊断无法评估；主图点击率为0，所有转化路径分析基于推断；改进建议需补测主图后验证效果""}"
"2026-03-16","708554586473","0.0256","4.76","3498.99","3498.99","0.2192","3419","1743","150","0.0861","0","0","0.00","0.00","292","379","15961.23","0.0854","54.66","4.67","345","506","0.1009","43","0.0126","292","379","0.0854","19257.59","3296.36","0.1712","19257.59","65.95","5.63","27.15","0.68","9563","310","465","22657.11","0.0907","231","61","3621.17","0.00","0.2192","0.1712","3296.36","0.0000","0.0000","2026-03-18 10:20:58","","#### 1. 分析思路

目标缺失→兜底分析→趋势扫描→问题识别→增长归因→建议聚焦

#### 2. 核心结论

访客数整体增长（3月9日至3月16日：2694→3419）；支付转化率整体提升（3月9日至3月16日：8.43%→8.54%），在3月12日至3月16日期间持续下降（10.75%→10.05%→8.54%）；

#### 4. 问题剖析

主图点击率归零→影响流量承接→转化漏斗断裂；推广占比21.9%偏高→ROI承压；转化率8.54%低于均值9.5%→详情/信任环节待优化

#### 5. 增长分析

搜索访客数增长41.8%、加购率10.09%稳健→关键词与活动引流有效；核心驱动：搜索渠道优化+加购引导动作落地

#### 7. 改进建议

主图调整：修复主图展示异常→提主图点击率→+1.5pp→看CTR；详情图优化：强化首屏利益点→提转化率→+0.5pp→看支付转化

#### 8. 数据缺失与影响

目标信息与OKR数据全缺失，健康度、目标达成风险、OKR诊断无法评估；所有结论基于业务表现数据推断；改进建议需补目标后验证ROI与进度匹配性
","2","{""analysis_thought"": ""目标缺失→兜底分析→趋势扫描→问题识别→增长归因→建议聚焦"", ""core_conclusion"": ""访客数整体增长（3月9日至3月16日：2694→3419）；支付转化率整体提升（3月9日至3月16日：8.43%→8.54%），在3月12日至3月16日期间持续下降（10.75%→10.05%→8.54%）；"", ""health_indicator"": """", ""problem_analysis"": ""主图点击率归零→影响流量承接→转化漏斗断裂；推广占比21.9%偏高→ROI承压；转化率8.54%低于均值9.5%→详情/信任环节待优化"", ""growth_analysis"": ""搜索访客数增长41.8%、加购率10.09%稳健→关键词与活动引流有效；核心驱动：搜索渠道优化+加购引导动作落地"", ""okr_diagnosis"": """", ""improvement_suggestions"": ""主图调整：修复主图展示异常→提主图点击率→+1.5pp→看CTR；详情图优化：强化首屏利益点→提转化率→+0.5pp→看支付转化"", ""missing_data_impact"": ""目标信息与OKR数据全缺失，健康度、目标达成风险、OKR诊断无法评估；所有结论基于业务表现数据推断；改进建议需补目标后验证ROI与进度匹配性""}"
"2026-03-18","779894412319","0.0000","4.89","483.59","483.59","0.0305","1220","561","32","0.0570","0","0","0.00","0.00","91","105","15858.23","0.0746","174.27","13.00","380","459","0.3115","63","0.0516","91","105","0.0746","17144.77","1286.54","0.0750","17144.77","188.40","14.05","15.64","0.48","4532","94","111","17967.96","0.0770","88","3","905.04","0.00","0.0305","0.0750","1286.54","0.0000","0.0000","2026-03-19 15:17:00","","#### 1. 分析思路

目标缺失→兜底分析→趋势扫描→问题识别→增长归因→建议聚焦主图与转化

#### 2. 核心结论

访客数整体增长（3月11日至3月18日：115→1220）；支付转化率整体下降（3月11日至3月18日：7.83%→7.46%）；

#### 4. 问题剖析

主图点击率持续为0→主图失效或未曝光→严重阻断流量承接；转化率虽升但依赖高客单价（188元），UV价值仅14.05元偏低；推广占比3.05%属健康区间，但推广销售贡献弱

#### 5. 增长分析

搜索访客数近7天增长16.53%，收藏率5.16%、加购率31.15%双提升；归因于搜索流量回暖+商品信任积累；核心驱动：搜索词优化与老客回流

#### 7. 改进建议

主图调整：更换主图并AB测试→提主图点击率→从0突破→看CTR；详情图优化：强化首屏卖点引导→提支付转化率→+0.5pp→看转化率变化

#### 8. 数据缺失与影响

目标信息与OKR数据均缺失，无法评估目标达成健康度及KR进度；主图点击率为0，所有点击相关归因和建议需以实测曝光数据验证；知识库内容为空，策略建议基于平台通用老品运营逻辑推导
","2","{""analysis_thought"": ""目标缺失→兜底分析→趋势扫描→问题识别→增长归因→建议聚焦主图与转化"", ""core_conclusion"": ""访客数整体增长（3月11日至3月18日：115→1220）；支付转化率整体下降（3月11日至3月18日：7.83%→7.46%）；"", ""health_indicator"": """", ""problem_analysis"": ""主图点击率持续为0→主图失效或未曝光→严重阻断流量承接；转化率虽升但依赖高客单价（188元），UV价值仅14.05元偏低；推广占比3.05%属健康区间，但推广销售贡献弱"", ""growth_analysis"": ""搜索访客数近7天增长16.53%，收藏率5.16%、加购率31.15%双提升；归因于搜索流量回暖+商品信任积累；核心驱动：搜索词优化与老客回流"", ""okr_diagnosis"": """", ""improvement_suggestions"": ""主图调整：更换主图并AB测试→提主图点击率→从0突破→看CTR；详情图优化：强化首屏卖点引导→提支付转化率→+0.5pp→看转化率变化"", ""missing_data_impact"": ""目标信息与OKR数据均缺失，无法评估目标达成健康度及KR进度；主图点击率为0，所有点击相关归因和建议需以实测曝光数据验证；知识库内容为空，策略建议基于平台通用老品运营逻辑推导""}"
"2026-03-19","765402594176","0.0091","4.84","2600.00","2600.00","0.1666","3256","1607","174","0.1083","0","0","0.00","0.00","402","533","15608.93","0.1235","38.83","4.79","690","874","0.2119","75","0.0230","402","533","0.1235","17972.63","2363.70","0.1315","17972.63","44.71","5.52","17.52","0.61","11487","430","679","16629.09","0.1321","347","55","1846.98","0.00","0.1666","0.1315","2363.70","0.0000","0.0000","2026-03-20 15:17:00","","#### 1. 分析思路

目标缺失→兜底分析→趋势扫描→问题识别→增长归因→建议聚焦

#### 2. 核心结论

访客数整体增长（3月12日至3月19日：3131→3256）；支付转化率整体下降（3月12日至3月19日：13.03%→12.35%），在3月14日至3月17日期间持续下降（13.24%→12.30%→9.67%）；

#### 4. 问题剖析

主图点击率0.91%偏低→视觉吸引力不足→影响流量承接；UV价值5.52元低于行业均值→转化链路效率待优化；搜索访客增长13.6%但绝对量未突破1700→词效与排名需强化

#### 5. 增长分析

搜索访客数连续3日增长（13.6%）、加购率21.2%稳定高位→关键词优化见效、商品信任度提升；核心驱动：搜索流量精准性增强、加购动线顺畅

#### 7. 改进建议

主图调整→提点击率→+0.8pp→看CTR；优化首屏卖点视觉+搜索高意向词前置→主图点击率→验证3日CTR变化

#### 8. 数据缺失与影响

目标信息与OKR数据全部缺失，无法评估日/月目标达成情况及健康度；所有结论基于业务表现数据趋势推断；改进建议中‘点击率目标提升’需补全历史基线值验证有效性
","2","{""analysis_thought"": ""目标缺失→兜底分析→趋势扫描→问题识别→增长归因→建议聚焦"", ""core_conclusion"": ""访客数整体增长（3月12日至3月19日：3131→3256）；支付转化率整体下降（3月12日至3月19日：13.03%→12.35%），在3月14日至3月17日期间持续下降（13.24%→12.30%→9.67%）；"", ""health_indicator"": """", ""problem_analysis"": ""主图点击率0.91%偏低→视觉吸引力不足→影响流量承接；UV价值5.52元低于行业均值→转化链路效率待优化；搜索访客增长13.6%但绝对量未突破1700→词效与排名需强化"", ""growth_analysis"": ""搜索访客数连续3日增长（13.6%）、加购率21.2%稳定高位→关键词优化见效、商品信任度提升；核心驱动：搜索流量精准性增强、加购动线顺畅"", ""okr_diagnosis"": """", ""improvement_suggestions"": ""主图调整→提点击率→+0.8pp→看CTR；优化首屏卖点视觉+搜索高意向词前置→主图点击率→验证3日CTR变化"", ""missing_data_impact"": ""目标信息与OKR数据全部缺失，无法评估日/月目标达成情况及健康度；所有结论基于业务表现数据趋势推断；改进建议中‘点击率目标提升’需补全历史基线值验证有效性""}"
"2026-03-18","794391621132","0.0213","4.63","1539.20","1539.20","0.1056","4251","1843","110","0.0597","0","0","0.00","0.00","232","396","14572.70","0.0546","62.81","3.43","485","799","0.1141","91","0.0214","232","396","0.0546","16210.47","1637.77","0.1010","16210.47","69.87","3.81","24.66","0.73","12933","236","453","14770.71","0.0555","190","42","2664.20","0.00","0.1056","0.1010","1637.77","0.0000","0.0000","2026-03-19 15:17:00","","#### 1. 分析思路

目标缺失→兜底分析→趋势扫描→问题识别→增长归因→建议聚焦

#### 2. 核心结论

访客数整体增长（3月11日至3月18日：3671→4251）；支付转化率整体提升（3月11日至3月18日：3.76%→5.46%），在3月11日至3月13日期间持续下降（3.76%→3.62%→3.50%）；

#### 4. 问题剖析

主图点击率归零→影响流量承接→转化漏斗断裂；支付转化率偏低→信任或决策动力不足；推广占比10.56%合理但ROI未披露

#### 5. 增长分析

搜索访客数增长129.8%→关键词优化或竞品截流见效；收藏率2.14%、加购率11.41%稳定→用户兴趣未减弱

#### 7. 改进建议

主图调整：重设主图视觉焦点→提主图点击率→+0.5pp→看CTR；详情图优化：强化首屏核心卖点引导→提转化率→+0.3pp→看支付转化

#### 8. 数据缺失与影响

目标信息与OKR数据全缺失，健康度、目标达成风险、KR诊断无法评估；主图点击率为0需优先排查技术埋点或素材失效，所有建议需补数据验证
","2","{""analysis_thought"": ""目标缺失→兜底分析→趋势扫描→问题识别→增长归因→建议聚焦"", ""core_conclusion"": ""访客数整体增长（3月11日至3月18日：3671→4251）；支付转化率整体提升（3月11日至3月18日：3.76%→5.46%），在3月11日至3月13日期间持续下降（3.76%→3.62%→3.50%）；"", ""health_indicator"": """", ""problem_analysis"": ""主图点击率归零→影响流量承接→转化漏斗断裂；支付转化率偏低→信任或决策动力不足；推广占比10.56%合理但ROI未披露"", ""growth_analysis"": ""搜索访客数增长129.8%→关键词优化或竞品截流见效；收藏率2.14%、加购率11.41%稳定→用户兴趣未减弱"", ""okr_diagnosis"": """", ""improvement_suggestions"": ""主图调整：重设主图视觉焦点→提主图点击率→+0.5pp→看CTR；详情图优化：强化首屏核心卖点引导→提转化率→+0.3pp→看支付转化"", ""missing_data_impact"": ""目标信息与OKR数据全缺失，健康度、目标达成风险、KR诊断无法评估；主图点击率为0需优先排查技术埋点或素材失效，所有建议需补数据验证""}"
"2026-03-19","676674203821","0.3333","4.92","1777.88","1777.88","0.1224","1398","246","19","0.0772","0","0","0.00","0.00","60","68","14525.81","0.0429","242.10","10.39","237","270","0.1695","27","0.0193","60","68","0.0429","16321.65","1795.84","0.1100","16321.65","272.03","11.68","16.01","0.76","4008","65","98","15559.98","0.0465","52","8","1730.87","0.00","0.1224","0.1100","1795.84","0.0000","0.0000","2026-03-20 15:17:00","","#### 1. 分析思路

目标缺失→兜底分析；访客与转化趋势扫描；过滤0值指标；聚焦主图点击率异常；结合老品策略提建议

#### 2. 核心结论

访客数整体增长（3月12日至3月19日：1006→1398），在3月15日至3月17日期间持续下降（2006→1997→1505）；支付转化率整体提升（3月12日至3月19日：3.08%→4.29%）；

#### 4. 问题剖析

主图点击率归零→主图失效或曝光异常→影响首屏转化；搜索访客激增但转化未同步→流量精准度不足；推广占比波动大（10.8%-48%）→投放策略不稳

#### 5. 增长分析

搜索访客数增长207.5%，收藏率稳定在1.5%-2.0%；关键词优化或搜索权重提升带动自然流量；核心增长来自搜索渠道提权

#### 7. 改进建议

主图调整：修复主图展示异常→提主图点击率→+0.2pp→看CTR；推广调整：收缩低效推广→控推广占比≤20%→看ROI

#### 8. 数据缺失与影响

目标信息与OKR数据全缺失，健康度、目标达成风险、KR诊断无法评估；主图点击率为0需优先排查技术曝光问题，所有转化类建议需待主图恢复后验证
","2","{""analysis_thought"": ""目标缺失→兜底分析；访客与转化趋势扫描；过滤0值指标；聚焦主图点击率异常；结合老品策略提建议"", ""core_conclusion"": ""访客数整体增长（3月12日至3月19日：1006→1398），在3月15日至3月17日期间持续下降（2006→1997→1505）；支付转化率整体提升（3月12日至3月19日：3.08%→4.29%）；"", ""health_indicator"": """", ""problem_analysis"": ""主图点击率归零→主图失效或曝光异常→影响首屏转化；搜索访客激增但转化未同步→流量精准度不足；推广占比波动大（10.8%-48%）→投放策略不稳"", ""growth_analysis"": ""搜索访客数增长207.5%，收藏率稳定在1.5%-2.0%；关键词优化或搜索权重提升带动自然流量；核心增长来自搜索渠道提权"", ""okr_diagnosis"": """", ""improvement_suggestions"": ""主图调整：修复主图展示异常→提主图点击率→+0.2pp→看CTR；推广调整：收缩低效推广→控推广占比≤20%→看ROI"", ""missing_data_impact"": ""目标信息与OKR数据全缺失，健康度、目标达成风险、KR诊断无法评估；主图点击率为0需优先排查技术曝光问题，所有转化类建议需待主图恢复后验证""}"
"2026-03-18","701447468324","0.0286","4.81","1363.08","1363.08","0.0947","6178","623","46","0.0738","0","0","0.00","0.00","166","375","14395.40","0.0269","86.72","2.33","351","595","0.0568","70","0.0113","166","375","0.0269","18798.78","4403.38","0.2342","18798.78","113.25","3.04","18.97","0.89","11997","171","372","14527.57","0.0277","124","42","9962.47","0.00","0.0947","0.2342","4403.38","0.0000","0.0000","2026-03-19 15:17:00","","#### 1. 分析思路

目标缺失→兜底分析；聚焦访客与转化趋势；过滤0值指标；主图点击率异常；依赖RAG老品策略

#### 2. 核心结论

访客数整体下降（3月11日至3月18日：6776→6178），在3月13日至3月16日期间持续下降（8371→6970→5467）；支付转化率整体提升（3月11日至3月18日：2.11%→2.69%）；

#### 4. 问题剖析

主图点击率归零→主图失效→流量浪费；转化率偏低→详情页/信任链薄弱；搜索访客占比仅10%→自然流量承接弱

#### 5. 增长分析

搜索访客数近7天增长17.5%，源于关键词优化或竞品截流；收藏率稳定在1.1%左右，用户兴趣未流失

#### 7. 改进建议

主图调整：重设主图视觉焦点→提主图点击率→+1.5pp→看CTR；详情图优化：强化首屏核心卖点引导→提转化率→+0.5pp→看支付转化

#### 8. 数据缺失与影响

目标信息与OKR数据全缺失，无法评估目标达成健康度及KR进度；所有目标相关结论均为业务表现推断；主图点击率为0需优先验证埋点或曝光异常，建议补全监控数据后再验证改进建议
","2","{""analysis_thought"": ""目标缺失→兜底分析；聚焦访客与转化趋势；过滤0值指标；主图点击率异常；依赖RAG老品策略"", ""core_conclusion"": ""访客数整体下降（3月11日至3月18日：6776→6178），在3月13日至3月16日期间持续下降（8371→6970→5467）；支付转化率整体提升（3月11日至3月18日：2.11%→2.69%）；"", ""health_indicator"": """", ""problem_analysis"": ""主图点击率归零→主图失效→流量浪费；转化率偏低→详情页/信任链薄弱；搜索访客占比仅10%→自然流量承接弱"", ""growth_analysis"": ""搜索访客数近7天增长17.5%，源于关键词优化或竞品截流；收藏率稳定在1.1%左右，用户兴趣未流失"", ""okr_diagnosis"": """", ""improvement_suggestions"": ""主图调整：重设主图视觉焦点→提主图点击率→+1.5pp→看CTR；详情图优化：强化首屏核心卖点引导→提转化率→+0.5pp→看支付转化"", ""missing_data_impact"": ""目标信息与OKR数据全缺失，无法评估目标达成健康度及KR进度；所有目标相关结论均为业务表现推断；主图点击率为0需优先验证埋点或曝光异常，建议补全监控数据后再验证改进建议""}"
"2026-03-21","794391621132","0.0086","4.63","1606.84","1606.84","0.1117","6245","3526","177","0.0502","0","0","0.00","0.00","300","510","14382.10","0.0480","47.94","2.30","759","1138","0.1215","124","0.0199","300","510","0.0480","16095.38","1713.28","0.1064","16095.38","53.65","2.58","24.20","0.72","19433","316","549","17296.06","0.0506","256","44","2175.90","0.00","0.1117","0.1064","1713.28","0.0000","0.0000","2026-03-22 15:17:00","","#### 1. 分析思路

目标缺失→兜底分析→趋势扫描→问题识别→增长归因→建议聚焦

#### 2. 核心结论

访客数整体增长（3月14日至3月21日：4138→6245）；支付转化率整体提升（3月14日至3月21日：4.11%→4.80%），在3月18日至3月21日期间持续下降（5.46%→5.44%→4.80%）；

#### 4. 问题剖析

主图点击率偏低（0.86%），UV价值2.58元偏低，推广占比11.17%属正常但ROI未提供，支付转化率承压

#### 5. 增长分析

搜索访客数激增160.99%，主图点击率回升至3.17%，归因于近期搜索词优化与主图微调，核心驱动为流量精准度提升

#### 7. 改进建议

主图调整：优化首屏卖点视觉→提主图点击率→+0.5pp→看CTR；推广调整：强化搜索人群包→提搜索访客→+10%→看流量增长

#### 8. 数据缺失与影响

目标信息与OKR数据全部缺失，无法评估目标达成健康度及KR进度；所有结论基于业务表现数据趋势推断；改进建议需后续补全ROI、真实UV价值及月目标后验证效果
","2","{""analysis_thought"": ""目标缺失→兜底分析→趋势扫描→问题识别→增长归因→建议聚焦"", ""core_conclusion"": ""访客数整体增长（3月14日至3月21日：4138→6245）；支付转化率整体提升（3月14日至3月21日：4.11%→4.80%），在3月18日至3月21日期间持续下降（5.46%→5.44%→4.80%）；"", ""health_indicator"": """", ""problem_analysis"": ""主图点击率偏低（0.86%），UV价值2.58元偏低，推广占比11.17%属正常但ROI未提供，支付转化率承压"", ""growth_analysis"": ""搜索访客数激增160.99%，主图点击率回升至3.17%，归因于近期搜索词优化与主图微调，核心驱动为流量精准度提升"", ""okr_diagnosis"": """", ""improvement_suggestions"": ""主图调整：优化首屏卖点视觉→提主图点击率→+0.5pp→看CTR；推广调整：强化搜索人群包→提搜索访客→+10%→看流量增长"", ""missing_data_impact"": ""目标信息与OKR数据全部缺失，无法评估目标达成健康度及KR进度；所有结论基于业务表现数据趋势推断；改进建议需后续补全ROI、真实UV价值及月目标后验证效果""}"
"2026-03-17","708554586473","0.0247","4.77","3350.70","3350.70","0.2336","3438","1685","127","0.0754","0","0","0.00","0.00","264","340","14343.64","0.0768","54.33","4.17","337","441","0.0980","50","0.0145","264","340","0.0768","18022.79","3679.15","0.2041","18022.79","68.27","5.24","26.38","0.69","9492","283","383","18624.67","0.0823","201","63","4331.00","0.00","0.2336","0.2041","3679.15","0.0000","0.0000","2026-03-19 09:16:36","","#### 1. 分析思路

目标缺失→兜底分析→趋势扫描→问题识别→增长归因→建议聚焦

#### 2. 核心结论

访客数整体增长（3月10日至3月17日：2875→3438）；支付转化率整体下降（3月10日至3月17日：11.06%→7.68%），在3月12日至3月17日期间持续下降（10.75%→10.05%→7.68%）；

#### 4. 问题剖析

主图点击率归零→主图失效→流量浪费；推广占比23.36%→ROI承压→成本效率低；支付转化率波动→信任或动因不足→影响GMV

#### 5. 增长分析

搜索访客数增长8.4%、加购率9.8%→关键词优化与活动曝光见效；核心增长驱动：搜索流量承接能力提升、加购链路顺畅

#### 7. 改进建议

主图调整：重设主图视觉焦点→提主图点击率→+0.8pp→看CTR；推广优化：精简高CPC人群包→降推广占比→≤18%→看推广ROI

#### 8. 数据缺失与影响

目标信息与OKR数据全缺失，健康度、目标达成风险、KR诊断均无法评估；所有结论基于业务表现数据趋势推断；主图点击率为0需优先验证是否埋点或展示异常，建议补齐后验证改进建议有效性
","2","{""analysis_thought"": ""目标缺失→兜底分析→趋势扫描→问题识别→增长归因→建议聚焦"", ""core_conclusion"": ""访客数整体增长（3月10日至3月17日：2875→3438）；支付转化率整体下降（3月10日至3月17日：11.06%→7.68%），在3月12日至3月17日期间持续下降（10.75%→10.05%→7.68%）；"", ""health_indicator"": """", ""problem_analysis"": ""主图点击率归零→主图失效→流量浪费；推广占比23.36%→ROI承压→成本效率低；支付转化率波动→信任或动因不足→影响GMV"", ""growth_analysis"": ""搜索访客数增长8.4%、加购率9.8%→关键词优化与活动曝光见效；核心增长驱动：搜索流量承接能力提升、加购链路顺畅"", ""okr_diagnosis"": """", ""improvement_suggestions"": ""主图调整：重设主图视觉焦点→提主图点击率→+0.8pp→看CTR；推广优化：精简高CPC人群包→降推广占比→≤18%→看推广ROI"", ""missing_data_impact"": ""目标信息与OKR数据全缺失，健康度、目标达成风险、KR诊断均无法评估；所有结论基于业务表现数据趋势推断；主图点击率为0需优先验证是否埋点或展示异常，建议补齐后验证改进建议有效性""}"
"2026-03-19","790723401122","0.0000","4.83","2534.70","2534.70","0.1780","2075","625","81","0.1296","0","0","0.00","0.00","253","287","14235.94","0.1219","56.27","6.86","341","427","0.1643","46","0.0222","253","287","0.1219","17108.36","2872.42","0.1679","17108.36","67.62","8.24","17.99","0.61","6840","262","318","15603.67","0.1263","206","47","3678.64","0.00","0.1780","0.1679","2872.42","0.0000","0.0000","2026-03-20 15:17:00","","#### 1. 分析思路

目标缺失→兜底分析→趋势扫描→指标归因→知识库匹配→建议聚焦

#### 2. 核心结论

访客数整体增长（3月12日至3月19日：1477→2075），在3月17日至3月19日期间持续下降（2605→2289→2075）；支付转化率整体提升（3月12日至3月19日：11.51%→12.19%），在3月15日至3月17日期间持续下降（14.30%→12.56%→10.79%）；

#### 4. 问题剖析

主图点击率0→主图失效→流量承接中断；转化率12.19%低于行业均值→详情页/信任感待强化；搜索访客基数偏低→自然流量蓄水不足

#### 5. 增长分析

搜索访客数增长72.2%→关键词优化或竞品词抢占见效；收藏率2.22%环比提升→用户兴趣增强；核心驱动：搜索流量运营动作落地

#### 7. 改进建议

主图调整：更换主图并A/B测试→提主图点击率→从0→2%→看CTR；详情图优化：首屏强化使用场景+实拍对比→提转化率→+0.5pp→看支付转化

#### 8. 数据缺失与影响

目标信息与OKR数据全部缺失，健康度、目标达成风险、KR诊断无法评估；主图点击率为0，所有转化漏斗分析基于推断；建议补齐月目标及OKR后验证主图优化ROI
","2","{""analysis_thought"": ""目标缺失→兜底分析→趋势扫描→指标归因→知识库匹配→建议聚焦"", ""core_conclusion"": ""访客数整体增长（3月12日至3月19日：1477→2075），在3月17日至3月19日期间持续下降（2605→2289→2075）；支付转化率整体提升（3月12日至3月19日：11.51%→12.19%），在3月15日至3月17日期间持续下降（14.30%→12.56%→10.79%）；"", ""health_indicator"": """", ""problem_analysis"": ""主图点击率0→主图失效→流量承接中断；转化率12.19%低于行业均值→详情页/信任感待强化；搜索访客基数偏低→自然流量蓄水不足"", ""growth_analysis"": ""搜索访客数增长72.2%→关键词优化或竞品词抢占见效；收藏率2.22%环比提升→用户兴趣增强；核心驱动：搜索流量运营动作落地"", ""okr_diagnosis"": """", ""improvement_suggestions"": ""主图调整：更换主图并A/B测试→提主图点击率→从0→2%→看CTR；详情图优化：首屏强化使用场景+实拍对比→提转化率→+0.5pp→看支付转化"", ""missing_data_impact"": ""目标信息与OKR数据全部缺失，健康度、目标达成风险、KR诊断无法评估；主图点击率为0，所有转化漏斗分析基于推断；建议补齐月目标及OKR后验证主图优化ROI""}"
"2026-03-21","989770302756","0.0256","4.89","2300.00","2300.00","0.1623","2879","1164","55","0.0473","0","0","0.00","0.00","82","105","14174.83","0.0285","172.86","4.92","249","319","0.0865","38","0.0132","82","105","0.0285","17664.64","3489.81","0.1976","17664.64","215.42","6.14","15.06","0.79","6883","87","118","19875.73","0.0302","75","7","1287.25","0.00","0.1623","0.1976","3489.81","0.0000","0.0000","2026-03-22 15:17:00","","#### 1. 分析思路

目标缺失→兜底分析→趋势扫描→指标归因→知识库匹配→建议聚焦

#### 2. 核心结论

访客数整体增长（3月14日至3月21日：2867→2879），在3月15日至3月18日期间持续下降（3209→3025→2487）；支付转化率整体提升（3月14日至3月21日：2.48%→2.85%），在3月14日至3月17日期间持续下降（2.48%→2.15%→1.56%）；

#### 4. 问题剖析

主图点击率连续6天为0→主图失效或曝光异常→流量漏损；转化率日间波动超3pp→详情页/信任链不稳定；推广占比超20%达2次→获客成本偏高。

#### 5. 增长分析

搜索访客数近7天增长9.6%，源于3月15日+14.4%带动；收藏率3月21日升至1.32%→买家秀或评价优化初显效果。

#### 7. 改进建议

主图调整：重设主图并AB测试→提主图点击率→从0→2.5%→看CTR回升；详情图优化：强化首屏信任要素→提转化率→+0.8pp→看支付转化率提升

#### 8. 数据缺失与影响

目标信息与OKR数据均缺失，健康度、目标达成风险、OKR诊断无法评估；所有结论基于业务表现数据推断；主图点击率为0需优先排查技术曝光问题，建议补全埋点数据后再验证优化效果。
","2","{""analysis_thought"": ""目标缺失→兜底分析→趋势扫描→指标归因→知识库匹配→建议聚焦"", ""core_conclusion"": ""访客数整体增长（3月14日至3月21日：2867→2879），在3月15日至3月18日期间持续下降（3209→3025→2487）；支付转化率整体提升（3月14日至3月21日：2.48%→2.85%），在3月14日至3月17日期间持续下降（2.48%→2.15%→1.56%）；"", ""health_indicator"": """", ""problem_analysis"": ""主图点击率连续6天为0→主图失效或曝光异常→流量漏损；转化率日间波动超3pp→详情页/信任链不稳定；推广占比超20%达2次→获客成本偏高。"", ""growth_analysis"": ""搜索访客数近7天增长9.6%，源于3月15日+14.4%带动；收藏率3月21日升至1.32%→买家秀或评价优化初显效果。"", ""okr_diagnosis"": """", ""improvement_suggestions"": ""主图调整：重设主图并AB测试→提主图点击率→从0→2.5%→看CTR回升；详情图优化：强化首屏信任要素→提转化率→+0.8pp→看支付转化率提升"", ""missing_data_impact"": ""目标信息与OKR数据均缺失，健康度、目标达成风险、OKR诊断无法评估；所有结论基于业务表现数据推断；主图点击率为0需优先排查技术曝光问题，建议补全埋点数据后再验证优化效果。""}"
"2026-03-19","848852086842","0.0000","4.93","888.00","888.00","0.0654","984","662","34","0.0514","0","0","0.00","0.00","74","84","13570.60","0.0752","183.39","13.79","264","310","0.2683","37","0.0376","74","84","0.0752","16970.07","3399.47","0.2003","16970.07","229.33","17.25","18.32","0.53","3074","77","87","17483.59","0.0783","69","5","1412.21","0.00","0.0654","0.2003","3399.47","0.0000","0.0000","2026-03-20 15:17:00","","#### 1. 分析思路

目标缺失→兜底分析→趋势扫描→零值过滤→问题识别→增长归因→建议聚焦

#### 2. 核心结论

访客数整体增长（3月12日至3月19日：228→984），在3月12日至3月14日期间持续下降（228→221→219）；支付转化率整体提升（3月12日至3月19日：5.26%→7.52%），在3月15日至3月17日期间持续下降（4.48%→3.90%→2.16%）；

#### 4. 问题剖析

主图点击率归零→主图失效或埋点异常→流量漏损；推广占比超45%→获客成本高→利润承压；支付转化率偏低且波动大→信任或决策链路断裂

#### 5. 增长分析

搜索访客数连续3日正增长（+13.5%→+6.0%）→近期关键词优化或竞品拦截生效；收藏率从0.9%升至3.76%→基础信任积累初显

#### 7. 改进建议

主图调整：修复主图展示或埋点→提主图点击率→从0→可测→看CTR；推广调整：收缩高成本渠道→降推广占比→目标≤20%→看推广ROI

#### 8. 数据缺失与影响

目标信息与OKR数据全缺失，健康度、目标达成风险、KR诊断无法评估；主图点击率为0，所有基于CTR的深度归因和优化动作需先验证埋点/展示是否正常；知识库内容为空，策略建议仅基于通用老品运营逻辑
","2","{""analysis_thought"": ""目标缺失→兜底分析→趋势扫描→零值过滤→问题识别→增长归因→建议聚焦"", ""core_conclusion"": ""访客数整体增长（3月12日至3月19日：228→984），在3月12日至3月14日期间持续下降（228→221→219）；支付转化率整体提升（3月12日至3月19日：5.26%→7.52%），在3月15日至3月17日期间持续下降（4.48%→3.90%→2.16%）；"", ""health_indicator"": """", ""problem_analysis"": ""主图点击率归零→主图失效或埋点异常→流量漏损；推广占比超45%→获客成本高→利润承压；支付转化率偏低且波动大→信任或决策链路断裂"", ""growth_analysis"": ""搜索访客数连续3日正增长（+13.5%→+6.0%）→近期关键词优化或竞品拦截生效；收藏率从0.9%升至3.76%→基础信任积累初显"", ""okr_diagnosis"": """", ""improvement_suggestions"": ""主图调整：修复主图展示或埋点→提主图点击率→从0→可测→看CTR；推广调整：收缩高成本渠道→降推广占比→目标≤20%→看推广ROI"", ""missing_data_impact"": ""目标信息与OKR数据全缺失，健康度、目标达成风险、KR诊断无法评估；主图点击率为0，所有基于CTR的深度归因和优化动作需先验证埋点/展示是否正常；知识库内容为空，策略建议仅基于通用老品运营逻辑""}"
"2026-03-22","790723401122","0.0000","4.83","2774.18","2774.18","0.2055","1539","280","48","0.1714","0","0","0.00","0.00","196","251","13500.44","0.1274","68.88","8.77","297","379","0.1930","24","0.0156","196","251","0.1274","16096.98","2596.54","0.1613","16096.98","82.13","10.46","20.06","0.56","5429","201","269","13490.84","0.1306","156","40","4108.54","0.00","0.2055","0.1613","2596.54","0.0000","0.0000","2026-03-23 09:17:00","-0.6947","#### 1. 分析思路

目标缺失→兜底分析→趋势扫描→零值过滤→问题识别→增长归因→建议聚焦

#### 2. 核心结论

访客数整体下降（3月15日至3月22日：2461→1539），在3月17日至3月20日期间持续下降（2605→2289→1594）；支付转化率整体下降（3月15日至3月22日：14.30%→12.74%），在3月18日至3月21日期间持续下降（12.93%→12.19%→11.92%）；

#### 4. 问题剖析

主图点击率归零→主图失效或曝光异常→流量漏损；搜索访客数骤降66.5%→搜索权重下滑或词包失效；推广占比20.6%→获客成本偏高

#### 5. 增长分析

加购率19.3%稳定、支付转化率12.7%高于均值→商品信任度与决策链路较优；核心增长源于详情页说服力与价格锚点设计

#### 7. 改进建议

主图调整：重建主图视觉动线→提主图点击率→从0→2%→看CTR回升；推广调整：精简低效词包→降推广占比至15%→看ROI提升

#### 8. 数据缺失与影响

目标信息与OKR数据全缺失，健康度、月目标风险、KR达成诊断无法执行；主图点击率为0，所有转化归因需以主图修复为前提，当前增长分析基于非零指标推断
","2","{""analysis_thought"": ""目标缺失→兜底分析→趋势扫描→零值过滤→问题识别→增长归因→建议聚焦"", ""core_conclusion"": ""访客数整体下降（3月15日至3月22日：2461→1539），在3月17日至3月20日期间持续下降（2605→2289→1594）；支付转化率整体下降（3月15日至3月22日：14.30%→12.74%），在3月18日至3月21日期间持续下降（12.93%→12.19%→11.92%）；"", ""health_indicator"": """", ""problem_analysis"": ""主图点击率归零→主图失效或曝光异常→流量漏损；搜索访客数骤降66.5%→搜索权重下滑或词包失效；推广占比20.6%→获客成本偏高"", ""growth_analysis"": ""加购率19.3%稳定、支付转化率12.7%高于均值→商品信任度与决策链路较优；核心增长源于详情页说服力与价格锚点设计"", ""okr_diagnosis"": """", ""improvement_suggestions"": ""主图调整：重建主图视觉动线→提主图点击率→从0→2%→看CTR回升；推广调整：精简低效词包→降推广占比至15%→看ROI提升"", ""missing_data_impact"": ""目标信息与OKR数据全缺失，健康度、月目标风险、KR达成诊断无法执行；主图点击率为0，所有转化归因需以主图修复为前提，当前增长分析基于非零指标推断""}"
"2026-03-21","790723401122","0.0000","4.83","2643.67","2643.67","0.1982","1905","719","89","0.1238","0","0","0.00","0.00","227","257","13341.36","0.1192","58.77","7.00","381","457","0.2000","36","0.0189","227","257","0.1192","15357.05","2015.69","0.1313","15357.05","67.65","8.06","17.62","0.55","7596","234","288","13477.04","0.1228","186","41","2506.32","0.00","0.1982","0.1313","2015.69","0.0000","0.0000","2026-03-22 15:17:00","","#### 1. 分析思路

目标缺失→兜底分析；聚焦访客与转化趋势；过滤0值指标；主图点击率为0需规避建议

#### 2. 核心结论

访客数整体下降（3月14日至3月21日：2165→1905），在3月17日至3月20日期间持续下降（2605→2289→1594）；支付转化率整体下降（3月14日至3月21日：13.72%→11.92%），在3月18日至3月21日期间持续下降（12.93%→12.19%→11.92%）；

#### 4. 问题剖析

流量不稳定：搜索访客增速断崖式下滑；收藏率持续低于2.2%，信任感不足；主图点击率为0，主图失效；推广占比12.6%-22.5%，ROI未提供，效果难评估

#### 5. 增长分析

3月17日搜索访客969人，为周期峰值；3月15日支付转化率14.3%为最高；增长驱动：高搜索曝光+详情页说服力强；核心归因：搜索流量高峰叠加转化链路优化

#### 7. 改进建议

详情图优化：强化首屏利益点→提转化率→+0.5pp→看支付转化；买家秀优化：置顶高赞实拍图→提收藏率→+0.3pp→看收藏率

#### 8. 数据缺失与影响

目标信息与OKR数据全缺失，健康度、目标达成风险、KR诊断无法评估；主图点击率为0，所有主图相关建议不可行；推广ROI缺失，推广效果无法验证；建议优先补全月目标、ROI、主图点击率有效数据
","2","{""analysis_thought"": ""目标缺失→兜底分析；聚焦访客与转化趋势；过滤0值指标；主图点击率为0需规避建议"", ""core_conclusion"": ""访客数整体下降（3月14日至3月21日：2165→1905），在3月17日至3月20日期间持续下降（2605→2289→1594）；支付转化率整体下降（3月14日至3月21日：13.72%→11.92%），在3月18日至3月21日期间持续下降（12.93%→12.19%→11.92%）；"", ""health_indicator"": """", ""problem_analysis"": ""流量不稳定：搜索访客增速断崖式下滑；收藏率持续低于2.2%，信任感不足；主图点击率为0，主图失效；推广占比12.6%-22.5%，ROI未提供，效果难评估"", ""growth_analysis"": ""3月17日搜索访客969人，为周期峰值；3月15日支付转化率14.3%为最高；增长驱动：高搜索曝光+详情页说服力强；核心归因：搜索流量高峰叠加转化链路优化"", ""okr_diagnosis"": """", ""improvement_suggestions"": ""详情图优化：强化首屏利益点→提转化率→+0.5pp→看支付转化；买家秀优化：置顶高赞实拍图→提收藏率→+0.3pp→看收藏率"", ""missing_data_impact"": ""目标信息与OKR数据全缺失，健康度、目标达成风险、KR诊断无法评估；主图点击率为0，所有主图相关建议不可行；推广ROI缺失，推广效果无法验证；建议优先补全月目标、ROI、主图点击率有效数据""}"
"2026-03-17","993200528997","0.0000","4.75","1200.00","1200.00","0.0926","4259","1133","36","0.0318","0","0","0.00","0.00","61","71","12961.19","0.0143","212.48","3.04","282","349","0.0662","28","0.0066","61","71","0.0143","16798.85","3837.66","0.2284","16798.85","275.39","3.94","15.14","0.83","9462","70","83","19022.67","0.0164","50","11","1855.58","0.00","0.0926","0.2284","3837.66","0.0000","0.0000","2026-03-19 09:16:36","","#### 1. 分析思路

目标缺失→兜底分析；访客与转化趋势扫描；过滤0值指标；聚焦主图点击率归零、转化偏低问题

#### 2. 核心结论

访客数整体下降（3月10日至3月17日：6045→4259），在3月14日至3月17日期间持续下降（6140→4874→4259）；支付转化率整体提升（3月10日至3月17日：1.12%→1.43%）；

#### 4. 问题剖析

主图点击率为0→主图失效→流量无法承接；支付转化率偏低→详情页/信任感不足；搜索访客占比仅21%-26%→自然流量薄弱

#### 5. 增长分析

搜索访客数近7天增长11.7%；收藏率稳定0.63%-0.76%；核心增长源于搜索词优化动作初显成效

#### 7. 改进建议

主图调整：替换主图并AB测试→提主图点击率→从0突破→看CTR；详情图优化：强化首屏卖点+实拍对比→提转化率→+0.3pp→看支付转化

#### 8. 数据缺失与影响

目标信息与OKR数据均缺失，健康度、月目标风险、KR达成诊断无法生成；主图点击率为0，所有转化归因及主图建议需以实际主图上线后数据验证
","2","{""analysis_thought"": ""目标缺失→兜底分析；访客与转化趋势扫描；过滤0值指标；聚焦主图点击率归零、转化偏低问题"", ""core_conclusion"": ""访客数整体下降（3月10日至3月17日：6045→4259），在3月14日至3月17日期间持续下降（6140→4874→4259）；支付转化率整体提升（3月10日至3月17日：1.12%→1.43%）；"", ""health_indicator"": """", ""problem_analysis"": ""主图点击率为0→主图失效→流量无法承接；支付转化率偏低→详情页/信任感不足；搜索访客占比仅21%-26%→自然流量薄弱"", ""growth_analysis"": ""搜索访客数近7天增长11.7%；收藏率稳定0.63%-0.76%；核心增长源于搜索词优化动作初显成效"", ""okr_diagnosis"": """", ""improvement_suggestions"": ""主图调整：替换主图并AB测试→提主图点击率→从0突破→看CTR；详情图优化：强化首屏卖点+实拍对比→提转化率→+0.3pp→看支付转化"", ""missing_data_impact"": ""目标信息与OKR数据均缺失，健康度、月目标风险、KR达成诊断无法生成；主图点击率为0，所有转化归因及主图建议需以实际主图上线后数据验证""}"
"2026-03-22","989770302756","0.0256","4.89","2278.03","2278.03","0.1772","3465","1443","52","0.0360","0","0","0.00","0.00","84","96","12859.08","0.0242","153.08","3.71","337","418","0.0973","39","0.0113","84","96","0.0242","18236.78","5377.70","0.2949","18236.78","217.10","5.26","14.61","0.79","8218","89","110","20935.12","0.0257","77","7","1347.80","0.00","0.1772","0.2949","5377.70","0.0000","0.0000","2026-03-23 09:17:00","0.3130","#### 1. 分析思路

目标缺失→兜底分析；聚焦访客与转化趋势；过滤0值指标；结合老品知识库策略

#### 2. 核心结论

访客数整体增长（3月15日至3月22日：3209→3465），在3月15日至3月18日期间持续下降（3209→3025→2487）；支付转化率整体提升（3月15日至3月22日：2.15%→2.42%），在3月15日至3月17日期间持续下降（2.15%→2.05%→1.56%）；

#### 4. 问题剖析

主图点击率归零→影响流量承接→转化链路断裂；支付转化率下降→信任或决策动力不足；推广占比25.4%偏高→ROI承压

#### 5. 增长分析

搜索访客数增长14.3%，收藏率稳在1.1%-1.4%；归因于近期搜索词优化与标题强化；核心驱动为自然流量精准度提升

#### 7. 改进建议

主图调整：重设主图视觉焦点→提主图点击率→+1.5pp→看CTR；买家秀优化：置顶高赞实拍图→提转化率→+0.5pp→看支付转化

#### 8. 数据缺失与影响

目标信息与OKR数据均缺失，健康度、目标达成风险、OKR诊断无法评估；所有结论基于业务表现数据推断；主图点击率为0需优先排查技术埋点或素材失效，建议补齐后验证
","2","{""analysis_thought"": ""目标缺失→兜底分析；聚焦访客与转化趋势；过滤0值指标；结合老品知识库策略"", ""core_conclusion"": ""访客数整体增长（3月15日至3月22日：3209→3465），在3月15日至3月18日期间持续下降（3209→3025→2487）；支付转化率整体提升（3月15日至3月22日：2.15%→2.42%），在3月15日至3月17日期间持续下降（2.15%→2.05%→1.56%）；"", ""health_indicator"": """", ""problem_analysis"": ""主图点击率归零→影响流量承接→转化链路断裂；支付转化率下降→信任或决策动力不足；推广占比25.4%偏高→ROI承压"", ""growth_analysis"": ""搜索访客数增长14.3%，收藏率稳在1.1%-1.4%；归因于近期搜索词优化与标题强化；核心驱动为自然流量精准度提升"", ""okr_diagnosis"": """", ""improvement_suggestions"": ""主图调整：重设主图视觉焦点→提主图点击率→+1.5pp→看CTR；买家秀优化：置顶高赞实拍图→提转化率→+0.5pp→看支付转化"", ""missing_data_impact"": ""目标信息与OKR数据均缺失，健康度、目标达成风险、OKR诊断无法评估；所有结论基于业务表现数据推断；主图点击率为0需优先排查技术埋点或素材失效，建议补齐后验证""}"
"2026-03-20","790723401122","0.0000","4.83","2472.65","2472.65","0.1930","1594","502","63","0.1255","0","0","0.00","0.00","193","239","12808.56","0.1211","66.37","8.04","288","386","0.1807","21","0.0132","193","239","0.1211","14394.97","1586.41","0.1102","14394.97","74.59","9.03","20.70","0.59","5515","205","264","12873.38","0.1286","144","49","4034.60","0.00","0.1930","0.1102","1586.41","0.0000","0.0000","2026-03-21 15:17:00","","#### 1. 分析思路

目标缺失→兜底分析；聚焦访客、转化、推广趋势；过滤0值指标；依赖知识库方法论

#### 2. 核心结论

访客数整体增长（3月13日至3月20日：1585→1594），在3月17日至3月20日期间持续下降（2605→2289→1594）；支付转化率整体下降（3月13日至3月20日：12.81%→12.11%），在3月15日至3月17日期间持续下降（14.30%→12.56%→10.79%）；

#### 4. 问题剖析

主图点击率为0→无法承接流量→影响曝光转化；访客数7日降39%→流量衰退明显；推广占比17-22%属正常，但ROI未提供难评估

#### 5. 增长分析

搜索访客数近7天增长11%-318%，主因搜索词优化或竞品动作；收藏率稳定1.3%-1.8%，信任基础尚可

#### 7. 改进建议

主图调整：重设主图视觉焦点→提主图点击率→+1.5pp→看CTR；推广调整：优化搜索人群包→提搜索访客→+15%→看搜索UV增长

#### 8. 数据缺失与影响

目标信息与OKR数据全部缺失，健康度、目标达成风险、OKR诊断均无法评估；主图点击率为0，所有点击相关归因和建议需待数据修复后验证
","2","{""analysis_thought"": ""目标缺失→兜底分析；聚焦访客、转化、推广趋势；过滤0值指标；依赖知识库方法论"", ""core_conclusion"": ""访客数整体增长（3月13日至3月20日：1585→1594），在3月17日至3月20日期间持续下降（2605→2289→1594）；支付转化率整体下降（3月13日至3月20日：12.81%→12.11%），在3月15日至3月17日期间持续下降（14.30%→12.56%→10.79%）；"", ""health_indicator"": """", ""problem_analysis"": ""主图点击率为0→无法承接流量→影响曝光转化；访客数7日降39%→流量衰退明显；推广占比17-22%属正常，但ROI未提供难评估"", ""growth_analysis"": ""搜索访客数近7天增长11%-318%，主因搜索词优化或竞品动作；收藏率稳定1.3%-1.8%，信任基础尚可"", ""okr_diagnosis"": """", ""improvement_suggestions"": ""主图调整：重设主图视觉焦点→提主图点击率→+1.5pp→看CTR；推广调整：优化搜索人群包→提搜索访客→+15%→看搜索UV增长"", ""missing_data_impact"": ""目标信息与OKR数据全部缺失，健康度、目标达成风险、OKR诊断均无法评估；主图点击率为0，所有点击相关归因和建议需待数据修复后验证""}"
"2026-03-22","796662787328","0.0000","4.86","2246.49","2246.49","0.1765","1794","900","94","0.1044","0","0","0.00","0.00","185","248","12729.25","0.1031","68.81","7.10","257","371","0.1433","31","0.0173","185","248","0.1031","14155.42","1426.17","0.1008","14155.42","76.52","7.89","23.44","0.66","5607","193","294","13767.65","0.1076","130","55","4705.03","0.00","0.1765","0.1008","1426.17","0.0000","0.0000","2026-03-23 09:17:00","0.0601","#### 1. 分析思路

目标缺失→兜底分析：访客与转化趋势→指标归因→知识库匹配→建议聚焦

#### 2. 核心结论

访客数整体增长（3月15日至3月22日：1620→1794），在3月18日至3月20日期间持续下降（1664→1644→1389）；支付转化率整体下降（3月15日至3月22日：11.05%→10.31%），在3月18日至3月20日期间持续下降（10.88%→10.77%→8.93%）；

#### 4. 问题剖析

主图点击率为0→主图失效→流量承接中断；推广占比超20%→ROI承压；收藏率仅1.73%→用户兴趣弱

#### 5. 增长分析

搜索访客数近7天增长6.76%，加购率14.33%较高→搜索词与详情页引导有效；核心增长驱动：搜索流量精准性提升

#### 7. 改进建议

主图调整：重设主图视觉焦点→提主图点击率→+1.5pp→看CTR；优化搜索关键词→提搜索访客→+10%→看UV增长

#### 8. 数据缺失与影响

目标信息与OKR数据全部缺失，健康度、目标达成风险、OKR诊断均无法评估；主图点击率为0需优先验证是否埋点异常或主图未加载；所有建议需补齐目标值后验证ROI与转化提升效果
","2","{""analysis_thought"": ""目标缺失→兜底分析：访客与转化趋势→指标归因→知识库匹配→建议聚焦"", ""core_conclusion"": ""访客数整体增长（3月15日至3月22日：1620→1794），在3月18日至3月20日期间持续下降（1664→1644→1389）；支付转化率整体下降（3月15日至3月22日：11.05%→10.31%），在3月18日至3月20日期间持续下降（10.88%→10.77%→8.93%）；"", ""health_indicator"": """", ""problem_analysis"": ""主图点击率为0→主图失效→流量承接中断；推广占比超20%→ROI承压；收藏率仅1.73%→用户兴趣弱"", ""growth_analysis"": ""搜索访客数近7天增长6.76%，加购率14.33%较高→搜索词与详情页引导有效；核心增长驱动：搜索流量精准性提升"", ""okr_diagnosis"": """", ""improvement_suggestions"": ""主图调整：重设主图视觉焦点→提主图点击率→+1.5pp→看CTR；优化搜索关键词→提搜索访客→+10%→看UV增长"", ""missing_data_impact"": ""目标信息与OKR数据全部缺失，健康度、目标达成风险、OKR诊断均无法评估；主图点击率为0需优先验证是否埋点异常或主图未加载；所有建议需补齐目标值后验证ROI与转化提升效果""}"
"2026-03-19","794391621132","0.0192","4.63","1555.87","1555.87","0.1222","5052","2534","159","0.0627","0","0","0.00","0.00","275","452","12727.11","0.0544","46.28","2.52","608","893","0.1203","125","0.0247","275","452","0.0544","15064.28","2337.17","0.1551","15064.28","54.78","2.98","23.26","0.71","15615","290","488","15891.69","0.0574","243","32","1594.54","0.00","0.1222","0.1551","2337.17","0.0000","0.0000","2026-03-20 15:17:00","","#### 1. 分析思路

目标缺失→兜底分析→趋势扫描→问题识别→增长归因→建议聚焦

#### 2. 核心结论

访客数整体增长（3月12日至3月19日：3789→5052）；支付转化率整体提升（3月12日至3月19日：3.62%→5.44%），在3月14日至3月16日期间持续下降（4.11%→3.99%→3.78%）；

#### 4. 问题剖析

主图点击率连续2日为0→主图失效或埋点异常→流量浪费；搜索访客基数偏低→自然流量获取力弱；UV价值波动大→转化与客单协同不稳

#### 5. 增长分析

搜索访客数近7天增长138%→关键词优化或搜索曝光提升；收藏率稳定2.0%-2.5%→基础信任尚可；核心增长驱动为搜索渠道运营强化

#### 7. 改进建议

主图调整：修复主图曝光或替换主图→提主图点击率→+1.5pp→看CTR回升；推广调整：优化搜索人群包→提搜索访客→+15%→看搜索UV增长

#### 8. 数据缺失与影响

目标信息与OKR信息全部缺失，健康度、目标达成风险、KR诊断均无法评估；主图点击率为0需优先验证埋点或主图展示异常，所有主图相关建议需数据修复后验证
","2","{""analysis_thought"": ""目标缺失→兜底分析→趋势扫描→问题识别→增长归因→建议聚焦"", ""core_conclusion"": ""访客数整体增长（3月12日至3月19日：3789→5052）；支付转化率整体提升（3月12日至3月19日：3.62%→5.44%），在3月14日至3月16日期间持续下降（4.11%→3.99%→3.78%）；"", ""health_indicator"": """", ""problem_analysis"": ""主图点击率连续2日为0→主图失效或埋点异常→流量浪费；搜索访客基数偏低→自然流量获取力弱；UV价值波动大→转化与客单协同不稳"", ""growth_analysis"": ""搜索访客数近7天增长138%→关键词优化或搜索曝光提升；收藏率稳定2.0%-2.5%→基础信任尚可；核心增长驱动为搜索渠道运营强化"", ""okr_diagnosis"": """", ""improvement_suggestions"": ""主图调整：修复主图曝光或替换主图→提主图点击率→+1.5pp→看CTR回升；推广调整：优化搜索人群包→提搜索访客→+15%→看搜索UV增长"", ""missing_data_impact"": ""目标信息与OKR信息全部缺失，健康度、目标达成风险、KR诊断均无法评估；主图点击率为0需优先验证埋点或主图展示异常，所有主图相关建议需数据修复后验证""}"
"2026-03-18","765402594176","0.0080","4.84","2573.58","2573.58","0.2042","3492","1392","149","0.1070","0","0","0.00","0.00","399","467","12603.27","0.1143","31.59","3.61","668","817","0.1913","85","0.0243","399","467","0.1143","15114.87","2511.60","0.1662","15114.87","37.88","4.33","15.75","0.62","12844","425","503","14347.23","0.1217","347","52","2970.77","0.00","0.2042","0.1662","2511.60","0.0000","0.0000","2026-03-19 15:17:00","","#### 1. 分析思路

目标缺失→兜底分析；聚焦访客、转化、推广趋势；过滤0值；主图点击率下滑为关键问题

#### 2. 核心结论

访客数整体增长（3月11日至3月18日：3045→3492）；支付转化率整体下降（3月11日至3月18日：12.05%→11.43%），在3月14日至3月17日期间持续下降（13.24%→12.30%→9.67%）；

#### 4. 问题剖析

主图点击率持续下滑（0.0286→0.008），影响流量承接；UV价值4.33元偏低，客单价37.88元未有效转化；搜索访客虽增但绝对值仅1392，流量结构单一

#### 5. 增长分析

搜索访客数近7天增长33.3%，收藏率2.43%稳中有升；归因于近期搜索词优化及标题强化；核心增长驱动为自然搜索权重提升

#### 7. 改进建议

主图调整：优化主图视觉焦点→提主图点击率→+0.5pp→看CTR；推广调整：拓展搜索人群包→提搜索访客→+15%→看UV增长

#### 8. 数据缺失与影响

目标信息与OKR数据全部缺失，健康度、月目标风险、OKR诊断均无法评估；所有结论基于业务表现数据趋势推断；改进建议需补全目标后验证ROI与达成路径
","2","{""analysis_thought"": ""目标缺失→兜底分析；聚焦访客、转化、推广趋势；过滤0值；主图点击率下滑为关键问题"", ""core_conclusion"": ""访客数整体增长（3月11日至3月18日：3045→3492）；支付转化率整体下降（3月11日至3月18日：12.05%→11.43%），在3月14日至3月17日期间持续下降（13.24%→12.30%→9.67%）；"", ""health_indicator"": """", ""problem_analysis"": ""主图点击率持续下滑（0.0286→0.008），影响流量承接；UV价值4.33元偏低，客单价37.88元未有效转化；搜索访客虽增但绝对值仅1392，流量结构单一"", ""growth_analysis"": ""搜索访客数近7天增长33.3%，收藏率2.43%稳中有升；归因于近期搜索词优化及标题强化；核心增长驱动为自然搜索权重提升"", ""okr_diagnosis"": """", ""improvement_suggestions"": ""主图调整：优化主图视觉焦点→提主图点击率→+0.5pp→看CTR；推广调整：拓展搜索人群包→提搜索访客→+15%→看UV增长"", ""missing_data_impact"": ""目标信息与OKR数据全部缺失，健康度、月目标风险、OKR诊断均无法评估；所有结论基于业务表现数据趋势推断；改进建议需补全目标后验证ROI与达成路径""}"
"2026-03-19","989770302756","0.0000","4.89","2268.57","2268.57","0.1816","2801","947","45","0.0475","0","0","0.00","0.00","85","102","12491.34","0.0303","146.96","4.46","249","322","0.0889","40","0.0143","85","102","0.0303","17764.83","5273.49","0.2969","17764.83","209.00","6.34","13.58","0.80","6704","92","115","19911.43","0.0328","72","13","2571.51","0.00","0.1816","0.2969","5273.49","0.0000","0.0000","2026-03-20 15:17:00","","#### 1. 分析思路

目标缺失→兜底分析；访客与转化趋势扫描；过滤0值指标；聚焦主图点击率归因；结合老品策略提建议

#### 2. 核心结论

访客数整体下降（3月12日至3月19日：2930→2801），在3月15日至3月18日期间持续下降（3209→3025→2487）；支付转化率整体提升（3月12日至3月19日：1.74%→3.03%），在3月14日至3月17日期间持续下降（2.48%→2.15%→1.56%）；

#### 4. 问题剖析

主图点击率长期为0→主图失效或未加载→流量漏损；转化率偏低且不稳定→详情页/信任感不足；搜索访客数连续两日下滑→搜索曝光减弱

#### 5. 增长分析

3月12日搜索访客数+26.96%、转化率1.74%；3月15日搜索访客数+14.4%、转化率2.15%；核心驱动：搜索词优化与高质买家秀带动点击与转化

#### 7. 改进建议

主图调整：排查主图展示异常→提点击率→从0→2%→看CTR；详情图优化：强化首屏卖点引导→提转化率→+0.5pp→看支付转化

#### 8. 数据缺失与影响

目标信息与OKR数据均缺失，健康度、目标达成风险、KR诊断无法评估；主图点击率为0需优先验证是否技术故障，所有转化类建议需待主图恢复后验证
","2","{""analysis_thought"": ""目标缺失→兜底分析；访客与转化趋势扫描；过滤0值指标；聚焦主图点击率归因；结合老品策略提建议"", ""core_conclusion"": ""访客数整体下降（3月12日至3月19日：2930→2801），在3月15日至3月18日期间持续下降（3209→3025→2487）；支付转化率整体提升（3月12日至3月19日：1.74%→3.03%），在3月14日至3月17日期间持续下降（2.48%→2.15%→1.56%）；"", ""health_indicator"": """", ""problem_analysis"": ""主图点击率长期为0→主图失效或未加载→流量漏损；转化率偏低且不稳定→详情页/信任感不足；搜索访客数连续两日下滑→搜索曝光减弱"", ""growth_analysis"": ""3月12日搜索访客数+26.96%、转化率1.74%；3月15日搜索访客数+14.4%、转化率2.15%；核心驱动：搜索词优化与高质买家秀带动点击与转化"", ""okr_diagnosis"": """", ""improvement_suggestions"": ""主图调整：排查主图展示异常→提点击率→从0→2%→看CTR；详情图优化：强化首屏卖点引导→提转化率→+0.5pp→看支付转化"", ""missing_data_impact"": ""目标信息与OKR数据均缺失，健康度、目标达成风险、KR诊断无法评估；主图点击率为0需优先验证是否技术故障，所有转化类建议需待主图恢复后验证""}"
"2026-03-21","676674203821","0.1667","4.92","1909.55","1909.55","0.1530","1725","281","27","0.0961","0","0","0.00","0.00","64","78","12481.51","0.0371","195.02","7.24","179","228","0.1038","31","0.0180","64","78","0.0371","14855.85","2374.34","0.1598","14855.85","232.12","8.61","14.74","0.79","4801","73","98","15420.87","0.0423","51","13","3043.28","0.00","0.1530","0.1598","2374.34","0.0000","0.0000","2026-03-22 15:17:00","","#### 1. 分析思路

目标缺失→兜底分析→趋势扫描→问题识别→增长归因→建议聚焦

#### 2. 核心结论

访客数整体增长（3月14日至3月21日：1707→1725），在3月15日至3月17日期间持续下降（2006→1997→1505）；支付转化率整体提升（3月14日至3月21日：2.05%→3.71%）；

#### 4. 问题剖析

主图点击率归零→影响流量承接→转化链路中断；推广占比波动大（10.8%-48.0%）→投放不稳定；支付转化率仅3.7%→信任或说服力不足

#### 5. 增长分析

搜索访客数近7天增长223%，收藏率提升至1.8%；关键词优化+买家秀积累初见成效；核心驱动为搜索流量结构优化

#### 7. 改进建议

主图调整：修复主图展示异常→提主图点击率→+0.15pp→看CTR；买家秀优化：置顶高赞实拍图→提支付转化率→+0.5pp→看转化率

#### 8. 数据缺失与影响

目标信息与OKR数据均缺失，健康度、目标达成风险、KR诊断无法评估；主图点击率为0属异常值，需优先排查技术埋点或主图失效；所有建议需补全目标数据后验证ROI
","2","{""analysis_thought"": ""目标缺失→兜底分析→趋势扫描→问题识别→增长归因→建议聚焦"", ""core_conclusion"": ""访客数整体增长（3月14日至3月21日：1707→1725），在3月15日至3月17日期间持续下降（2006→1997→1505）；支付转化率整体提升（3月14日至3月21日：2.05%→3.71%）；"", ""health_indicator"": """", ""problem_analysis"": ""主图点击率归零→影响流量承接→转化链路中断；推广占比波动大（10.8%-48.0%）→投放不稳定；支付转化率仅3.7%→信任或说服力不足"", ""growth_analysis"": ""搜索访客数近7天增长223%，收藏率提升至1.8%；关键词优化+买家秀积累初见成效；核心驱动为搜索流量结构优化"", ""okr_diagnosis"": """", ""improvement_suggestions"": ""主图调整：修复主图展示异常→提主图点击率→+0.15pp→看CTR；买家秀优化：置顶高赞实拍图→提支付转化率→+0.5pp→看转化率"", ""missing_data_impact"": ""目标信息与OKR数据均缺失，健康度、目标达成风险、KR诊断无法评估；主图点击率为0属异常值，需优先排查技术埋点或主图失效；所有建议需补全目标数据后验证ROI""}"
"2026-03-22","676674203821","0.1667","4.92","1930.00","1930.00","0.1552","2227","322","25","0.0776","0","0","0.00","0.00","57","66","12438.81","0.0256","218.22","5.59","188","240","0.0844","28","0.0126","57","66","0.0256","15055.27","2616.46","0.1738","15055.27","264.13","6.76","15.15","0.82","5189","60","92","14971.02","0.0269","51","6","2207.25","0.00","0.1552","0.1738","2616.46","0.0000","0.0000","2026-03-23 09:17:00","2.6591","#### 1. 分析思路

目标缺失→兜底分析→趋势扫描→问题识别→增长归因→建议聚焦

#### 2. 核心结论

访客数整体增长（3月15日至3月22日：2006→2227），在3月15日至3月17日期间持续下降（2006→1997→1505）；支付转化率整体提升（3月15日至3月22日：2.14%→2.56%）；

#### 4. 问题剖析

主图点击率归零→主图失效→流量浪费；转化率2.56%偏低→详情页或信任感不足；搜索访客基数小→自然流量薄弱

#### 5. 增长分析

搜索访客数增长157.6%→近期关键词优化或搜索曝光提升；收藏率1.26%稳定→商品基础认知尚可；核心增长驱动为搜索曝光强化

#### 7. 改进建议

主图调整：更换主图并A/B测试→提主图点击率→+0.1pp→看CTR；详情图优化：强化首屏利益点→提转化率→+0.5pp→看支付转化

#### 8. 数据缺失与影响

目标信息与OKR数据全部缺失，健康度、目标达成风险、KR诊断均无法评估；主图点击率为0的异常归因及改进建议需结合真实主图状态验证；所有结论基于业务表现数据推断
","2","{""analysis_thought"": ""目标缺失→兜底分析→趋势扫描→问题识别→增长归因→建议聚焦"", ""core_conclusion"": ""访客数整体增长（3月15日至3月22日：2006→2227），在3月15日至3月17日期间持续下降（2006→1997→1505）；支付转化率整体提升（3月15日至3月22日：2.14%→2.56%）；"", ""health_indicator"": """", ""problem_analysis"": ""主图点击率归零→主图失效→流量浪费；转化率2.56%偏低→详情页或信任感不足；搜索访客基数小→自然流量薄弱"", ""growth_analysis"": ""搜索访客数增长157.6%→近期关键词优化或搜索曝光提升；收藏率1.26%稳定→商品基础认知尚可；核心增长驱动为搜索曝光强化"", ""okr_diagnosis"": """", ""improvement_suggestions"": ""主图调整：更换主图并A/B测试→提主图点击率→+0.1pp→看CTR；详情图优化：强化首屏利益点→提转化率→+0.5pp→看支付转化"", ""missing_data_impact"": ""目标信息与OKR数据全部缺失，健康度、目标达成风险、KR诊断均无法评估；主图点击率为0的异常归因及改进建议需结合真实主图状态验证；所有结论基于业务表现数据推断""}"
"2026-03-18","820824060470","0.0000","4.84","1994.96","1994.96","0.1619","1772","1013","103","0.1017","0","0","0.00","0.00","224","256","12318.66","0.1264","54.99","6.95","367","496","0.2071","31","0.0175","224","256","0.1264","13606.41","1287.75","0.0946","13606.41","60.74","7.68","19.23","0.63","7072","228","364","14682.22","0.1287","181","43","2856.70","0.00","0.1619","0.0946","1287.75","0.0000","0.0000","2026-03-19 15:17:00","","#### 1. 分析思路

目标缺失→兜底分析→趋势扫描→问题识别→增长归因→建议聚焦

#### 2. 核心结论

访客数整体增长（3月11日至3月18日：1749→1772），在3月15日至3月18日期间持续下降（1988→1935→1772）；支付转化率整体提升（3月11日至3月18日：10.98%→12.64%）；

#### 4. 问题剖析

主图点击率归零→主图失效或曝光异常→流量无法承接；搜索访客增速断崖下滑→搜索权重或词包衰退；推广占比16%-27%波动→投放策略不稳

#### 5. 增长分析

收藏率从1.32%升至1.76%，加购率稳定20%+；源于详情页信任要素强化或买家秀优化；核心增长动因为用户兴趣沉淀能力提升

#### 7. 改进建议

主图调整：重设主图视觉焦点→提主图点击率→从0突破→看CTR；优化搜索关键词组合→提搜索访客稳定性→看7日增速回升

#### 8. 数据缺失与影响

目标信息与OKR数据均缺失，健康度、目标达成风险、KR诊断等结论无法生成；所有建议均为基于业务表现数据的推断，需补齐月目标及OKR后验证ROI与路径有效性
","2","{""analysis_thought"": ""目标缺失→兜底分析→趋势扫描→问题识别→增长归因→建议聚焦"", ""core_conclusion"": ""访客数整体增长（3月11日至3月18日：1749→1772），在3月15日至3月18日期间持续下降（1988→1935→1772）；支付转化率整体提升（3月11日至3月18日：10.98%→12.64%）；"", ""health_indicator"": """", ""problem_analysis"": ""主图点击率归零→主图失效或曝光异常→流量无法承接；搜索访客增速断崖下滑→搜索权重或词包衰退；推广占比16%-27%波动→投放策略不稳"", ""growth_analysis"": ""收藏率从1.32%升至1.76%，加购率稳定20%+；源于详情页信任要素强化或买家秀优化；核心增长动因为用户兴趣沉淀能力提升"", ""okr_diagnosis"": """", ""improvement_suggestions"": ""主图调整：重设主图视觉焦点→提主图点击率→从0突破→看CTR；优化搜索关键词组合→提搜索访客稳定性→看7日增速回升"", ""missing_data_impact"": ""目标信息与OKR数据均缺失，健康度、目标达成风险、KR诊断等结论无法生成；所有建议均为基于业务表现数据的推断，需补齐月目标及OKR后验证ROI与路径有效性""}"
"2026-03-16","765402594176","0.0187","4.84","2511.42","2511.42","0.2049","3466","1834","214","0.1167","0","0","0.00","0.00","418","464","12259.57","0.1206","29.33","3.54","751","906","0.2167","74","0.0214","418","464","0.1206","15280.45","3020.88","0.1977","15280.45","36.56","4.41","17.21","0.61","13435","445","534","14781.06","0.1284","359","59","2143.21","0.00","0.2049","0.1977","3020.88","0.0000","0.0000","2026-03-18 10:20:58","","#### 1. 分析思路

目标缺失→兜底分析；聚焦访客、转化、推广趋势；过滤0值；结合老品知识库策略

#### 2. 核心结论

访客数整体增长（3月9日至3月16日：3230→3466）；支付转化率整体下降（3月9日至3月16日：13.53%→12.06%），在3月14日至3月16日期间持续下降（13.24%→12.30%→12.06%）；

#### 4. 问题剖析

流量结构待优：搜索访客仅占53%，自然流量依赖高；转化漏斗前强后弱：主图点击率1.87%偏低，影响首屏承接

#### 5. 增长分析

搜索访客数近7天增长36%，主因关键词优化或竞品流量迁移；收藏率2.14%、加购率21.67%双升，反映商品信任度与性价比认可提升

#### 7. 改进建议

主图调整：优化视觉焦点与核心卖点排布→提主图点击率→+0.8pp→看CTR周均值

#### 8. 数据缺失与影响

目标信息与OKR数据全部缺失，健康度、目标达成风险、OKR诊断无法评估；所有结论基于业务表现数据趋势推断，改进建议需后续补目标数据验证ROI
","2","{""analysis_thought"": ""目标缺失→兜底分析；聚焦访客、转化、推广趋势；过滤0值；结合老品知识库策略"", ""core_conclusion"": ""访客数整体增长（3月9日至3月16日：3230→3466）；支付转化率整体下降（3月9日至3月16日：13.53%→12.06%），在3月14日至3月16日期间持续下降（13.24%→12.30%→12.06%）；"", ""health_indicator"": """", ""problem_analysis"": ""流量结构待优：搜索访客仅占53%，自然流量依赖高；转化漏斗前强后弱：主图点击率1.87%偏低，影响首屏承接"", ""growth_analysis"": ""搜索访客数近7天增长36%，主因关键词优化或竞品流量迁移；收藏率2.14%、加购率21.67%双升，反映商品信任度与性价比认可提升"", ""okr_diagnosis"": """", ""improvement_suggestions"": ""主图调整：优化视觉焦点与核心卖点排布→提主图点击率→+0.8pp→看CTR周均值"", ""missing_data_impact"": ""目标信息与OKR数据全部缺失，健康度、目标达成风险、OKR诊断无法评估；所有结论基于业务表现数据趋势推断，改进建议需后续补目标数据验证ROI""}"
"2026-03-18","989375461387","0.0000","4.67","1550.00","1550.00","0.1292","3490","378","31","0.0820","0","0","0.00","0.00","75","85","11994.19","0.0215","159.92","3.44","184","225","0.0527","21","0.0060","75","85","0.0215","12885.72","891.53","0.0692","12885.72","171.81","3.69","10.81","0.90","6138","80","99","14429.91","0.0229","68","7","1259.98","0.00","0.1292","0.0692","891.53","0.0000","0.0000","2026-03-19 15:17:00","","#### 1. 分析思路

目标缺失→兜底分析；聚焦访客与转化趋势；过滤0值指标；主图点击率归零为关键异常点

#### 2. 核心结论

访客数整体下降（3月11日至3月18日：3645→3490）；支付转化率整体提升（3月11日至3月18日：0.82%→2.15%）；

#### 4. 问题剖析

主图点击率归零→主图失效→流量漏损；转化率2.15%偏低→详情页或信任链不足；搜索访客基数小→自然流量薄弱

#### 5. 增长分析

搜索访客数增长38.5%→近期关键词优化见效；收藏率0.6%稳定→用户兴趣未流失；核心增长驱动为搜索渠道动作

#### 7. 改进建议

主图调整：重设主图视觉焦点→提主图点击率→从0→2%→看CTR；优化首屏利益点→提转化率→+0.5pp→看支付转化

#### 8. 数据缺失与影响

目标信息与OKR数据均缺失，健康度、月目标风险、OKR诊断无法评估；主图点击率为0需优先验证是否埋点异常或主图未加载，所有主图相关建议需数据回补后验证
","2","{""analysis_thought"": ""目标缺失→兜底分析；聚焦访客与转化趋势；过滤0值指标；主图点击率归零为关键异常点"", ""core_conclusion"": ""访客数整体下降（3月11日至3月18日：3645→3490）；支付转化率整体提升（3月11日至3月18日：0.82%→2.15%）；"", ""health_indicator"": """", ""problem_analysis"": ""主图点击率归零→主图失效→流量漏损；转化率2.15%偏低→详情页或信任链不足；搜索访客基数小→自然流量薄弱"", ""growth_analysis"": ""搜索访客数增长38.5%→近期关键词优化见效；收藏率0.6%稳定→用户兴趣未流失；核心增长驱动为搜索渠道动作"", ""okr_diagnosis"": """", ""improvement_suggestions"": ""主图调整：重设主图视觉焦点→提主图点击率→从0→2%→看CTR；优化首屏利益点→提转化率→+0.5pp→看支付转化"", ""missing_data_impact"": ""目标信息与OKR数据均缺失，健康度、月目标风险、OKR诊断无法评估；主图点击率为0需优先验证是否埋点异常或主图未加载，所有主图相关建议需数据回补后验证""}"
"2026-03-18","789248363059","0.0000","4.67","1475.60","1475.60","0.1237","855","536","33","0.0616","0","0","0.00","0.00","91","114","11926.83","0.1064","131.06","13.95","129","187","0.1509","12","0.0140","91","114","0.1064","13670.17","1743.34","0.1275","13670.17","150.22","15.99","21.51","0.68","2643","94","123","15119.58","0.1099","67","24","3076.42","0.00","0.1237","0.1275","1743.34","0.0000","0.0000","2026-03-19 15:17:00","","#### 1. 分析思路

目标缺失→兜底分析→趋势扫描→问题识别→增长归因→建议聚焦

#### 2. 核心结论

访客数整体增长（3月11日至3月18日：526→855），在3月15日至3月17日期间持续下降（811→658→623）；支付转化率整体提升（3月11日至3月18日：9.70%→10.64%），在3月11日至3月13日期间持续下降（9.70%→6.79%→6.64%）；

#### 4. 问题剖析

主图点击率长期为0→主图失效→流量漏损；收藏率偏低（0.55%-1.62%）→信任/兴趣不足；UV价值15.99元偏低→转化与客单协同待加强

#### 5. 增长分析

搜索访客数3日翻倍（248→536）、增长116%，支付转化率升至10.6%；归因于搜索词优化及近期买家秀曝光增加；核心驱动：搜索流量精准度提升

#### 7. 改进建议

主图调整：重设首屏主图→提主图点击率→+1.5pp→看CTR；买家秀优化：置顶高赞实拍图→提转化率→+0.5pp→看支付转化

#### 8. 数据缺失与影响

目标信息与OKR数据全部缺失，健康度、目标达成风险、OKR诊断均无法评估；主图点击率为0，所有主图相关建议属紧急修复项，需优先验证主图是否被屏蔽或加载异常
","2","{""analysis_thought"": ""目标缺失→兜底分析→趋势扫描→问题识别→增长归因→建议聚焦"", ""core_conclusion"": ""访客数整体增长（3月11日至3月18日：526→855），在3月15日至3月17日期间持续下降（811→658→623）；支付转化率整体提升（3月11日至3月18日：9.70%→10.64%），在3月11日至3月13日期间持续下降（9.70%→6.79%→6.64%）；"", ""health_indicator"": """", ""problem_analysis"": ""主图点击率长期为0→主图失效→流量漏损；收藏率偏低（0.55%-1.62%）→信任/兴趣不足；UV价值15.99元偏低→转化与客单协同待加强"", ""growth_analysis"": ""搜索访客数3日翻倍（248→536）、增长116%，支付转化率升至10.6%；归因于搜索词优化及近期买家秀曝光增加；核心驱动：搜索流量精准度提升"", ""okr_diagnosis"": """", ""improvement_suggestions"": ""主图调整：重设首屏主图→提主图点击率→+1.5pp→看CTR；买家秀优化：置顶高赞实拍图→提转化率→+0.5pp→看支付转化"", ""missing_data_impact"": ""目标信息与OKR数据全部缺失，健康度、目标达成风险、OKR诊断均无法评估；主图点击率为0，所有主图相关建议属紧急修复项，需优先验证主图是否被屏蔽或加载异常""}"
"2026-03-20","944646791842","0.0000","4.60","1192.32","1192.32","0.1009","1207","813","19","0.0234","0","0","0.00","0.00","49","84","11812.22","0.0406","241.07","9.79","167","254","0.1384","18","0.0149","49","84","0.0406","15452.29","3640.07","0.2356","15452.29","315.35","12.80","21.02","0.68","3529","52","126","30828.58","0.0431","34","15","3184.87","0.00","0.1009","0.2356","3640.07","0.0000","0.0000","2026-03-21 15:17:00","","#### 1. 分析思路

目标缺失→兜底分析：访客与转化趋势→指标归因→知识库匹配→建议聚焦主图与转化

#### 2. 核心结论

访客数整体增长（3月13日至3月20日：774→1207）；支付转化率整体下降（3月13日至3月20日：6.20%→4.06%），在3月15日至3月17日期间持续下降（6.04%→5.75%→4.26%）；

#### 4. 问题剖析

主图点击率归零→主图失效或埋点异常→流量浪费；转化率骤降→信任/详情页问题；推广占比正常但ROI未提供，难评估效率

#### 5. 增长分析

搜索访客数增长94.5%，收藏率稳在1.3%-1.9%；归因于搜索词优化及基础标签强化；核心驱动为自然流量承接能力提升

#### 7. 改进建议

主图调整：修复主图展示或重设主图→提主图点击率→从0→2%→看CTR；详情图优化：强化首屏信任要素→提转化率→+0.5pp→看支付转化

#### 8. 数据缺失与影响

目标信息与OKR数据全缺失，健康度、目标达成风险、KR诊断无法评估；主图点击率为0，需优先排查技术埋点或主图失效，所有转化类建议需待主图恢复后验证
","2","{""analysis_thought"": ""目标缺失→兜底分析：访客与转化趋势→指标归因→知识库匹配→建议聚焦主图与转化"", ""core_conclusion"": ""访客数整体增长（3月13日至3月20日：774→1207）；支付转化率整体下降（3月13日至3月20日：6.20%→4.06%），在3月15日至3月17日期间持续下降（6.04%→5.75%→4.26%）；"", ""health_indicator"": """", ""problem_analysis"": ""主图点击率归零→主图失效或埋点异常→流量浪费；转化率骤降→信任/详情页问题；推广占比正常但ROI未提供，难评估效率"", ""growth_analysis"": ""搜索访客数增长94.5%，收藏率稳在1.3%-1.9%；归因于搜索词优化及基础标签强化；核心驱动为自然流量承接能力提升"", ""okr_diagnosis"": """", ""improvement_suggestions"": ""主图调整：修复主图展示或重设主图→提主图点击率→从0→2%→看CTR；详情图优化：强化首屏信任要素→提转化率→+0.5pp→看支付转化"", ""missing_data_impact"": ""目标信息与OKR数据全缺失，健康度、目标达成风险、KR诊断无法评估；主图点击率为0，需优先排查技术埋点或主图失效，所有转化类建议需待主图恢复后验证""}"
"2026-03-21","796662787328","0.0000","4.86","2250.00","2250.00","0.1908","1734","916","112","0.1223","0","0","0.00","0.00","193","231","11790.43","0.1113","61.09","6.80","239","300","0.1378","35","0.0202","193","231","0.1113","13332.70","1542.27","0.1157","13332.70","69.08","7.69","25.25","0.67","5318","198","250","11349.00","0.1142","147","46","3248.31","0.00","0.1908","0.1157","1542.27","0.0000","0.0000","2026-03-22 15:17:00","","#### 1. 分析思路

目标缺失→兜底分析；聚焦访客、转化、推广趋势；过滤0值指标；主图点击率为0需规避建议

#### 2. 核心结论

访客数整体增长（3月14日至3月21日：1404→1734），在3月18日至3月20日期间持续下降（1664→1644→1389）；支付转化率整体下降（3月14日至3月21日：12.11%→11.13%），在3月14日至3月16日期间持续下降（12.11%→11.05%→8.28%）；

#### 4. 问题剖析

主图点击率0→主图失效→流量无法承接；搜索访客增但未带动点击→视觉或卖点不匹配；UV价值7.69元偏低→转化漏斗断裂

#### 5. 增长分析

搜索访客数增长40.7%、支付转化率11.13%居高；归因于搜索词优化与买家秀信任强化；核心驱动：搜索流量精准性提升

#### 7. 改进建议

详情图优化→提转化率→+0.8pp→看支付转化；优化首屏利益点+购买路径→增强决策动机→3天后复盘CTR与转化

#### 8. 数据缺失与影响

目标信息与OKR数据均缺失，健康度、月目标风险、OKR诊断及KR关联建议无法生成；所有结论基于业务表现数据推断；主图点击率为0，故不提主图调整建议，需补齐主图曝光数据验证
","2","{""analysis_thought"": ""目标缺失→兜底分析；聚焦访客、转化、推广趋势；过滤0值指标；主图点击率为0需规避建议"", ""core_conclusion"": ""访客数整体增长（3月14日至3月21日：1404→1734），在3月18日至3月20日期间持续下降（1664→1644→1389）；支付转化率整体下降（3月14日至3月21日：12.11%→11.13%），在3月14日至3月16日期间持续下降（12.11%→11.05%→8.28%）；"", ""health_indicator"": """", ""problem_analysis"": ""主图点击率0→主图失效→流量无法承接；搜索访客增但未带动点击→视觉或卖点不匹配；UV价值7.69元偏低→转化漏斗断裂"", ""growth_analysis"": ""搜索访客数增长40.7%、支付转化率11.13%居高；归因于搜索词优化与买家秀信任强化；核心驱动：搜索流量精准性提升"", ""okr_diagnosis"": """", ""improvement_suggestions"": ""详情图优化→提转化率→+0.8pp→看支付转化；优化首屏利益点+购买路径→增强决策动机→3天后复盘CTR与转化"", ""missing_data_impact"": ""目标信息与OKR数据均缺失，健康度、月目标风险、OKR诊断及KR关联建议无法生成；所有结论基于业务表现数据推断；主图点击率为0，故不提主图调整建议，需补齐主图曝光数据验证""}"
"2026-03-16","678184299639","0.0000","4.89","1606.04","1606.04","0.1374","7273","148","12","0.0811","0","0","0.00","0.00","65","91","11688.62","0.0089","179.82","1.61","290","362","0.0399","52","0.0071","65","91","0.0089","14442.17","2753.55","0.1907","14442.17","222.19","1.99","12.34","0.91","13874","67","96","13741.07","0.0092","54","11","2471.22","0.00","0.1374","0.1907","2753.55","0.0000","0.0000","2026-03-18 10:20:58","","#### 1. 分析思路

目标缺失→兜底分析：访客与转化趋势→问题识别→增长归因→建议聚焦主图/转化

#### 2. 核心结论

访客数整体下降（3月9日至3月16日：7527→7273），在3月9日至3月11日期间持续下降（7527→7411→7213）；支付转化率整体下降（3月9日至3月16日：1.55%→0.89%），在3月9日至3月11日期间持续下降（1.55%→0.88%→0.76%）；

#### 4. 问题剖析

主图点击率归零→主图失效或曝光异常→流量承接中断；转化率偏低→详情页/信任感不足；搜索访客连续7日下降→搜索权重或词效弱

#### 5. 增长分析

3月9日支付转化率1.55%为峰值，较最低值+112%，同期客单价213.75元、UV价值3.32元最高，归因于大促氛围或临时活动刺激

#### 7. 改进建议

主图调整：更换首图并AB测试→提主图点击率→从0突破→看CTR是否＞0.5%；详情图优化：强化首屏利益点+实拍对比→提转化率→+0.3pp→看支付转化

#### 8. 数据缺失与影响

目标信息与OKR数据全缺失，健康度、目标达成风险、KR诊断无法评估；主图点击率为0，所有依赖CTR的归因和建议需以实际曝光数据验证；知识库内容为空，策略建议基于平台通用老品运营逻辑推导
","2","{""analysis_thought"": ""目标缺失→兜底分析：访客与转化趋势→问题识别→增长归因→建议聚焦主图/转化"", ""core_conclusion"": ""访客数整体下降（3月9日至3月16日：7527→7273），在3月9日至3月11日期间持续下降（7527→7411→7213）；支付转化率整体下降（3月9日至3月16日：1.55%→0.89%），在3月9日至3月11日期间持续下降（1.55%→0.88%→0.76%）；"", ""health_indicator"": """", ""problem_analysis"": ""主图点击率归零→主图失效或曝光异常→流量承接中断；转化率偏低→详情页/信任感不足；搜索访客连续7日下降→搜索权重或词效弱"", ""growth_analysis"": ""3月9日支付转化率1.55%为峰值，较最低值+112%，同期客单价213.75元、UV价值3.32元最高，归因于大促氛围或临时活动刺激"", ""okr_diagnosis"": """", ""improvement_suggestions"": ""主图调整：更换首图并AB测试→提主图点击率→从0突破→看CTR是否＞0.5%；详情图优化：强化首屏利益点+实拍对比→提转化率→+0.3pp→看支付转化"", ""missing_data_impact"": ""目标信息与OKR数据全缺失，健康度、目标达成风险、KR诊断无法评估；主图点击率为0，所有依赖CTR的归因和建议需以实际曝光数据验证；知识库内容为空，策略建议基于平台通用老品运营逻辑推导""}"
"2026-03-18","736691780861","0.1176","4.84","2187.95","2187.95","0.1877","3482","698","99","0.1418","0","0","0.00","0.00","326","544","11655.03","0.0936","35.75","3.35","356","589","0.1022","29","0.0083","326","544","0.0936","12909.41","1254.38","0.0972","12909.41","39.60","3.71","22.81","0.76","9569","335","575","11081.47","0.0962","238","88","4333.12","0.00","0.1877","0.0972","1254.38","0.0000","0.0000","2026-03-19 15:17:00","","#### 1. 分析思路

目标缺失→兜底分析→趋势扫描→问题识别→增长归因→建议聚焦

#### 2. 核心结论

访客数整体增长（3月11日至3月18日：2730→3482），在3月15日至3月17日期间持续下降（2983→2661→2554）；支付转化率整体下降（3月11日至3月18日：11.58%→9.36%），在3月15日至3月18日期间持续下降（11.90%→10.48%→9.36%）；

#### 4. 问题剖析

主图点击率归零→主图失效或埋点异常→流量浪费；收藏率0.83%偏低→信任/卖点展示不足；搜索访客数连续5日下滑→搜索曝光减弱

#### 5. 增长分析

3月15日支付转化率11.9%为周期峰值，加购率15.82%最高→详情页首屏或利益点触发有效；搜索访客数840（3月15日）为近期高点→关键词或标题优化见效

#### 7. 改进建议

主图调整：修复主图曝光或重设主图→提主图点击率→+2pp→看CTR；买家秀优化：置顶高赞实拍图→提收藏率→+0.5pp→看收藏率

#### 8. 数据缺失与影响

目标信息与OKR数据均缺失，健康度、目标达成风险、OKR诊断无法评估；所有结论基于业务表现数据趋势推断；主图点击率为0需优先排查技术问题，否则改进建议有效性存疑
","2","{""analysis_thought"": ""目标缺失→兜底分析→趋势扫描→问题识别→增长归因→建议聚焦"", ""core_conclusion"": ""访客数整体增长（3月11日至3月18日：2730→3482），在3月15日至3月17日期间持续下降（2983→2661→2554）；支付转化率整体下降（3月11日至3月18日：11.58%→9.36%），在3月15日至3月18日期间持续下降（11.90%→10.48%→9.36%）；"", ""health_indicator"": """", ""problem_analysis"": ""主图点击率归零→主图失效或埋点异常→流量浪费；收藏率0.83%偏低→信任/卖点展示不足；搜索访客数连续5日下滑→搜索曝光减弱"", ""growth_analysis"": ""3月15日支付转化率11.9%为周期峰值，加购率15.82%最高→详情页首屏或利益点触发有效；搜索访客数840（3月15日）为近期高点→关键词或标题优化见效"", ""okr_diagnosis"": """", ""improvement_suggestions"": ""主图调整：修复主图曝光或重设主图→提主图点击率→+2pp→看CTR；买家秀优化：置顶高赞实拍图→提收藏率→+0.5pp→看收藏率"", ""missing_data_impact"": ""目标信息与OKR数据均缺失，健康度、目标达成风险、OKR诊断无法评估；所有结论基于业务表现数据趋势推断；主图点击率为0需优先排查技术问题，否则改进建议有效性存疑""}"
"2026-03-16","701447468324","0.0000","4.81","1273.65","1273.65","0.1095","5467","711","53","0.0745","0","0","0.00","0.00","142","326","11627.96","0.0260","81.89","2.13","339","570","0.0620","60","0.0110","142","326","0.0260","12257.97","630.01","0.0514","12257.97","86.32","2.24","20.22","0.85","11661","151","357","9697.30","0.0276","112","30","2351.43","0.00","0.1095","0.0514","630.01","0.0000","0.0000","2026-03-18 10:20:58","","#### 1. 分析思路

目标缺失→兜底分析→趋势扫描→问题识别→增长归因→建议聚焦

#### 2. 核心结论

访客数整体下降（3月9日至3月16日：6638→5467），在3月13日至3月16日期间持续下降（8371→6970→5467）；支付转化率整体提升（3月9日至3月16日：1.82%→2.60%）；

#### 4. 问题剖析

主图点击率持续为0→主图失效→流量浪费；访客数连续5日下降→流量获取能力弱；UV价值波动大→价值转化不稳定

#### 5. 增长分析

搜索访客数增长38.9%，支付转化率提升53%；关键词优化或搜索曝光提升带动精准流量，高意向用户转化增强

#### 7. 改进建议

主图调整：重设主图视觉焦点→提主图点击率→+1.5pp→看CTR；推广调整：优化搜索人群包→提搜索访客→+15%→看搜索UV增长

#### 8. 数据缺失与影响

目标信息与OKR数据均缺失，健康度、目标达成风险、OKR诊断无法评估；所有结论基于业务表现数据推断，改进建议需补目标后验证ROI
","2","{""analysis_thought"": ""目标缺失→兜底分析→趋势扫描→问题识别→增长归因→建议聚焦"", ""core_conclusion"": ""访客数整体下降（3月9日至3月16日：6638→5467），在3月13日至3月16日期间持续下降（8371→6970→5467）；支付转化率整体提升（3月9日至3月16日：1.82%→2.60%）；"", ""health_indicator"": """", ""problem_analysis"": ""主图点击率持续为0→主图失效→流量浪费；访客数连续5日下降→流量获取能力弱；UV价值波动大→价值转化不稳定"", ""growth_analysis"": ""搜索访客数增长38.9%，支付转化率提升53%；关键词优化或搜索曝光提升带动精准流量，高意向用户转化增强"", ""okr_diagnosis"": """", ""improvement_suggestions"": ""主图调整：重设主图视觉焦点→提主图点击率→+1.5pp→看CTR；推广调整：优化搜索人群包→提搜索访客→+15%→看搜索UV增长"", ""missing_data_impact"": ""目标信息与OKR数据均缺失，健康度、目标达成风险、OKR诊断无法评估；所有结论基于业务表现数据推断，改进建议需补目标后验证ROI""}"
"2026-03-16","989770302756","0.0000","4.90","1990.12","1990.12","0.1717","3025","1099","42","0.0382","0","0","0.00","0.00","62","76","11588.37","0.0205","186.91","3.83","224","282","0.0740","23","0.0076","62","76","0.0205","14454.51","2866.14","0.1983","14454.51","233.14","4.78","11.93","0.81","6964","71","89","16525.73","0.0235","56","6","1095.41","0.00","0.1717","0.1983","2866.14","0.0000","0.0000","2026-03-18 10:20:58","","#### 1. 分析思路

目标缺失→兜底分析；访客与转化趋势扫描；过滤0值指标；聚焦主图点击率归零、搜索访客波动、转化率下滑问题

#### 2. 核心结论

访客数整体增长（3月9日至3月16日：2877→3025），在3月11日至3月13日期间持续下降（3090→2930→2595）；支付转化率整体下降（3月9日至3月16日：2.61%→2.05%），在3月9日至3月12日期间持续下降（2.61%→1.99%→1.74%）；

#### 4. 问题剖析

主图点击率为0→主图未曝光或加载异常→流量漏损；支付转化率下降13%→详情页/信任感不足→订单流失；搜索访客增长乏力→关键词/排名下滑→自然流量承压

#### 5. 增长分析

3月9日支付转化率2.61%为周期高点，关联当日加购率9.42%、收藏率1.15%双高，反映买家秀或首屏利益点曾有效触达；核心驱动为详情页信任要素短期强化

#### 7. 改进建议

详情图优化：优化首屏视觉引导→提转化率→+0.3pp→看支付转化；主图修复：排查主图展示异常→恢复点击率→验证曝光状态

#### 8. 数据缺失与影响

目标信息与OKR数据全部缺失，健康度、目标达成风险、KR诊断无法评估；主图点击率为0需技术侧确认是否埋点或展示故障，当前改进建议基于业务表现推断，待数据补齐后验证
","2","{""analysis_thought"": ""目标缺失→兜底分析；访客与转化趋势扫描；过滤0值指标；聚焦主图点击率归零、搜索访客波动、转化率下滑问题"", ""core_conclusion"": ""访客数整体增长（3月9日至3月16日：2877→3025），在3月11日至3月13日期间持续下降（3090→2930→2595）；支付转化率整体下降（3月9日至3月16日：2.61%→2.05%），在3月9日至3月12日期间持续下降（2.61%→1.99%→1.74%）；"", ""health_indicator"": """", ""problem_analysis"": ""主图点击率为0→主图未曝光或加载异常→流量漏损；支付转化率下降13%→详情页/信任感不足→订单流失；搜索访客增长乏力→关键词/排名下滑→自然流量承压"", ""growth_analysis"": ""3月9日支付转化率2.61%为周期高点，关联当日加购率9.42%、收藏率1.15%双高，反映买家秀或首屏利益点曾有效触达；核心驱动为详情页信任要素短期强化"", ""okr_diagnosis"": """", ""improvement_suggestions"": ""详情图优化：优化首屏视觉引导→提转化率→+0.3pp→看支付转化；主图修复：排查主图展示异常→恢复点击率→验证曝光状态"", ""missing_data_impact"": ""目标信息与OKR数据全部缺失，健康度、目标达成风险、KR诊断无法评估；主图点击率为0需技术侧确认是否埋点或展示故障，当前改进建议基于业务表现推断，待数据补齐后验证""}"
"2026-03-22","944646791842","0.0000","4.60","903.79","903.79","0.0781","1451","969","37","0.0382","0","0","0.00","0.00","87","97","11566.29","0.0600","132.95","7.97","209","291","0.1440","22","0.0152","87","97","0.0600","13649.71","2083.42","0.1526","13649.71","156.89","9.41","23.04","0.68","4360","95","107","14830.97","0.0655","69","18","2227.61","0.00","0.0781","0.1526","2083.42","0.0000","0.0000","2026-03-23 09:17:00","0.9497","#### 1. 分析思路

目标缺失→兜底分析→趋势扫描→问题识别→增长归因→建议聚焦主图与转化

#### 2. 核心结论

访客数整体增长（3月15日至3月22日：1158→1451）；支付转化率整体下降（3月15日至3月22日：6.04%→6%），在3月15日至3月17日期间持续下降（6.04%→5.75%→4.26%）；

#### 4. 问题剖析

主图点击率为0→主图未曝光或加载失败→严重阻断流量承接；转化率最低仅4.06%→详情页/信任链薄弱；推广占比10%-19%属正常，但ROI未提供无法评估

#### 5. 增长分析

搜索访客数单日增44.4%（969人），加购率连续8天＞12.6%→搜索词优化或活动引流见效；核心增长驱动：搜索渠道精准性提升、加购意愿强

#### 7. 改进建议

主图调整→提点击率→+2pp→看CTR；详情图优化→提转化率→+1pp→看支付转化；动作：紧急排查主图展示异常，首屏强化核心卖点与信任符号

#### 8. 数据缺失与影响

目标信息与OKR数据均缺失，健康度、目标达成风险、KR诊断无法生成；主图点击率为0需技术侧验证是否埋点或展示故障，所有改进建议需补齐真实CTR数据后验证
","2","{""analysis_thought"": ""目标缺失→兜底分析→趋势扫描→问题识别→增长归因→建议聚焦主图与转化"", ""core_conclusion"": ""访客数整体增长（3月15日至3月22日：1158→1451）；支付转化率整体下降（3月15日至3月22日：6.04%→6%），在3月15日至3月17日期间持续下降（6.04%→5.75%→4.26%）；"", ""health_indicator"": """", ""problem_analysis"": ""主图点击率为0→主图未曝光或加载失败→严重阻断流量承接；转化率最低仅4.06%→详情页/信任链薄弱；推广占比10%-19%属正常，但ROI未提供无法评估"", ""growth_analysis"": ""搜索访客数单日增44.4%（969人），加购率连续8天＞12.6%→搜索词优化或活动引流见效；核心增长驱动：搜索渠道精准性提升、加购意愿强"", ""okr_diagnosis"": """", ""improvement_suggestions"": ""主图调整→提点击率→+2pp→看CTR；详情图优化→提转化率→+1pp→看支付转化；动作：紧急排查主图展示异常，首屏强化核心卖点与信任符号"", ""missing_data_impact"": ""目标信息与OKR数据均缺失，健康度、目标达成风险、KR诊断无法生成；主图点击率为0需技术侧验证是否埋点或展示故障，所有改进建议需补齐真实CTR数据后验证""}"
"2026-03-22","701447468324","0.0263","4.81","1387.34","1387.34","0.1210","6645","556","49","0.0881","0","0","0.00","0.00","132","248","11465.71","0.0199","86.86","1.73","341","610","0.0513","59","0.0089","132","248","0.0199","14272.95","2807.24","0.1967","14272.95","108.13","2.15","17.71","0.89","13369","148","296","11722.46","0.0223","103","29","4702.23","0.00","0.1210","0.1967","2807.24","0.0000","0.0000","2026-03-23 09:17:00","-0.2180","#### 1. 分析思路

目标缺失→兜底分析→趋势扫描→问题识别→增长归因→建议聚焦

#### 2. 核心结论

访客数整体增长（3月15日至3月22日：6178→6645）；支付转化率整体下降（3月15日至3月22日：2.30%→1.99%），在3月18日至3月20日期间持续下降（2.69%→2%→1.71%）；

#### 4. 问题剖析

主图点击率归零→主图失效或曝光异常→流量承接中断；转化率偏低→详情页/信任链薄弱；推广占比10.37%-16.77%属正常，暂不预警

#### 5. 增长分析

搜索访客数单日最高669人，近7天增长率达59.4%→关键词优化或竞品截流见效；收藏率稳定0.85%-1.13%→基础信任尚可

#### 7. 改进建议

主图调整：更换主图并A/B测试→提主图点击率→+1.5pp→看CTR；详情图优化：强化首屏利益点与场景图→提转化率→+0.3pp→看支付转化

#### 8. 数据缺失与影响

目标信息与OKR数据全部缺失，健康度、目标达成风险、OKR诊断无法判断；核心结论及改进建议基于业务表现数据推断，需补全目标后验证日均缺口与ROI优化空间
","2","{""analysis_thought"": ""目标缺失→兜底分析→趋势扫描→问题识别→增长归因→建议聚焦"", ""core_conclusion"": ""访客数整体增长（3月15日至3月22日：6178→6645）；支付转化率整体下降（3月15日至3月22日：2.30%→1.99%），在3月18日至3月20日期间持续下降（2.69%→2%→1.71%）；"", ""health_indicator"": """", ""problem_analysis"": ""主图点击率归零→主图失效或曝光异常→流量承接中断；转化率偏低→详情页/信任链薄弱；推广占比10.37%-16.77%属正常，暂不预警"", ""growth_analysis"": ""搜索访客数单日最高669人，近7天增长率达59.4%→关键词优化或竞品截流见效；收藏率稳定0.85%-1.13%→基础信任尚可"", ""okr_diagnosis"": """", ""improvement_suggestions"": ""主图调整：更换主图并A/B测试→提主图点击率→+1.5pp→看CTR；详情图优化：强化首屏利益点与场景图→提转化率→+0.3pp→看支付转化"", ""missing_data_impact"": ""目标信息与OKR数据全部缺失，健康度、目标达成风险、OKR诊断无法判断；核心结论及改进建议基于业务表现数据推断，需补全目标后验证日均缺口与ROI优化空间""}"
"2026-03-16","728951419434","0.0000","4.83","1668.66","1668.66","0.1456","3302","669","55","0.0822","0","0","0.00","0.00","151","291","11461.98","0.0457","75.91","3.47","331","434","0.1002","47","0.0142","151","291","0.0457","11905.65","443.67","0.0373","11905.65","78.85","3.61","18.41","0.77","8930","152","368","17062.00","0.0460","110","41","7974.31","0.00","0.1456","0.0373","443.67","0.0000","0.0000","2026-03-18 10:20:58","","#### 1. 分析思路

目标缺失→兜底分析：访客与转化趋势→问题识别→增长归因→建议聚焦主图与推广

#### 2. 核心结论

访客数整体下降（3月9日至3月16日：4026→3302），在3月9日至3月11日期间持续下降（4026→3417→3147）；支付转化率整体下降（3月9日至3月16日：5.64%→4.57%），在3月11日至3月13日期间持续下降（5.88%→5.24%→4.09%）；

#### 4. 问题剖析

主图点击率长期为0→主图失效或曝光异常→转化链路中断；搜索访客数断崖下滑→搜索权重或词包衰退；推广占比12%-21%正常，但ROI未披露难评估

#### 5. 增长分析

3月9日主图点击率回升至10%→当日动作可能触发视觉优化；搜索访客数3月9日达1125（周峰值）→关键词/竞品拦截有效；核心增长源于主图重启与搜索词优化

#### 7. 改进建议

主图调整：重设首帧卖点视觉→提主图点击率→+3pp→看CTR；推广调整：优化搜索人群包→提搜索访客→+15%→看UV增长

#### 8. 数据缺失与影响

目标信息与OKR数据全缺失，健康度、目标达成风险、KR诊断无法生成；主图点击率为0需核实是否埋点异常或主图未展示；所有结论基于业务表现数据推断，建议补全目标值与ROI数据后复验
","2","{""analysis_thought"": ""目标缺失→兜底分析：访客与转化趋势→问题识别→增长归因→建议聚焦主图与推广"", ""core_conclusion"": ""访客数整体下降（3月9日至3月16日：4026→3302），在3月9日至3月11日期间持续下降（4026→3417→3147）；支付转化率整体下降（3月9日至3月16日：5.64%→4.57%），在3月11日至3月13日期间持续下降（5.88%→5.24%→4.09%）；"", ""health_indicator"": """", ""problem_analysis"": ""主图点击率长期为0→主图失效或曝光异常→转化链路中断；搜索访客数断崖下滑→搜索权重或词包衰退；推广占比12%-21%正常，但ROI未披露难评估"", ""growth_analysis"": ""3月9日主图点击率回升至10%→当日动作可能触发视觉优化；搜索访客数3月9日达1125（周峰值）→关键词/竞品拦截有效；核心增长源于主图重启与搜索词优化"", ""okr_diagnosis"": """", ""improvement_suggestions"": ""主图调整：重设首帧卖点视觉→提主图点击率→+3pp→看CTR；推广调整：优化搜索人群包→提搜索访客→+15%→看UV增长"", ""missing_data_impact"": ""目标信息与OKR数据全缺失，健康度、目标达成风险、KR诊断无法生成；主图点击率为0需核实是否埋点异常或主图未展示；所有结论基于业务表现数据推断，建议补全目标值与ROI数据后复验""}"
"2026-03-21","765402594176","0.0161","4.84","2535.35","2535.35","0.2298","2888","1609","155","0.0963","0","0","0.00","0.00","321","377","11033.38","0.1111","34.37","3.82","548","670","0.1898","76","0.0263","321","377","0.1111","12870.55","1837.17","0.1427","12870.55","40.10","4.46","17.80","0.64","10188","343","442","11131.94","0.1188","279","42","1389.22","0.00","0.2298","0.1427","1837.17","0.0000","0.0000","2026-03-22 15:17:00","","#### 1. 分析思路

目标缺失→兜底分析→趋势扫描→指标归因→知识库匹配→建议聚焦

#### 2. 核心结论

访客数整体下降（3月14日至3月21日：2937→2888），在3月18日至3月20日期间持续下降（3492→3256→2643）；支付转化率整体下降（3月14日至3月21日：13.24%→11.11%），在3月14日至3月17日期间持续下降（13.24%→12.30%→9.67%）；

#### 4. 问题剖析

主图点击率骤降：3月18日0.008→3月15日0.025，视觉吸引力减弱；转化率未达行业均值15%，详情页信任链待强化

#### 5. 增长分析

搜索访客数近7天增长20%，主因搜索词优化或竞品流量溢出；收藏率稳定2.0%–2.8%，用户兴趣基础良好

#### 7. 改进建议

详情图优化：首屏强化核心卖点→提支付转化率→+0.8pp→看支付转化率变化

#### 8. 数据缺失与影响

目标信息与OKR数据均缺失，健康度、目标达成风险、OKR诊断无法评估；所有结论基于业务表现数据推断，改进建议需补目标数据后验证ROI
","2","{""analysis_thought"": ""目标缺失→兜底分析→趋势扫描→指标归因→知识库匹配→建议聚焦"", ""core_conclusion"": ""访客数整体下降（3月14日至3月21日：2937→2888），在3月18日至3月20日期间持续下降（3492→3256→2643）；支付转化率整体下降（3月14日至3月21日：13.24%→11.11%），在3月14日至3月17日期间持续下降（13.24%→12.30%→9.67%）；"", ""health_indicator"": """", ""problem_analysis"": ""主图点击率骤降：3月18日0.008→3月15日0.025，视觉吸引力减弱；转化率未达行业均值15%，详情页信任链待强化"", ""growth_analysis"": ""搜索访客数近7天增长20%，主因搜索词优化或竞品流量溢出；收藏率稳定2.0%–2.8%，用户兴趣基础良好"", ""okr_diagnosis"": """", ""improvement_suggestions"": ""详情图优化：首屏强化核心卖点→提支付转化率→+0.8pp→看支付转化率变化"", ""missing_data_impact"": ""目标信息与OKR数据均缺失，健康度、目标达成风险、OKR诊断无法评估；所有结论基于业务表现数据推断，改进建议需补目标数据后验证ROI""}"
"2026-03-19","820824060470","0.0000","4.85","2021.29","2021.29","0.1886","1705","1043","115","0.1103","0","0","0.00","0.00","200","281","10719.34","0.1173","53.60","6.29","320","460","0.1877","31","0.0182","200","281","0.1173","12316.74","1597.40","0.1297","12316.74","61.58","7.22","20.47","0.65","6111","211","301","12923.99","0.1238","165","35","2733.93","0.00","0.1886","0.1297","1597.40","0.0000","0.0000","2026-03-20 15:17:00","","#### 1. 分析思路

目标缺失→兜底分析：访客与转化趋势→指标归因→知识库匹配→建议聚焦

#### 2. 核心结论

访客数整体增长（3月12日至3月19日：1624→1705），在3月15日至3月19日期间持续下降（1988→1935→1705）；支付转化率整体下降（3月12日至3月19日：11.95%→11.73%）；

#### 4. 问题剖析

主图点击率为0→影响流量承接→导致高跳失风险；搜索访客占比高但CTR缺失→卖点未触达；推广占比18.9%属合理区间，无异常

#### 5. 增长分析

搜索访客数近7天增长4.3%，源于搜索流量持续投入；收藏率微升至1.82%，反映基础信任建立中；核心增长驱动为搜索渠道稳定性

#### 7. 改进建议

主图调整：优化主图视觉布局→提点击率→+0.5pp→看CTR；详情图优化：强化首屏利益点引导→提转化率→+0.3pp→看支付转化

#### 8. 数据缺失与影响

目标信息与OKR数据均缺失，健康度、目标达成风险、KR诊断无法评估；主图点击率为0属严重数据异常，所有CTR相关归因与建议需以修复数据采集为前提验证
","2","{""analysis_thought"": ""目标缺失→兜底分析：访客与转化趋势→指标归因→知识库匹配→建议聚焦"", ""core_conclusion"": ""访客数整体增长（3月12日至3月19日：1624→1705），在3月15日至3月19日期间持续下降（1988→1935→1705）；支付转化率整体下降（3月12日至3月19日：11.95%→11.73%）；"", ""health_indicator"": """", ""problem_analysis"": ""主图点击率为0→影响流量承接→导致高跳失风险；搜索访客占比高但CTR缺失→卖点未触达；推广占比18.9%属合理区间，无异常"", ""growth_analysis"": ""搜索访客数近7天增长4.3%，源于搜索流量持续投入；收藏率微升至1.82%，反映基础信任建立中；核心增长驱动为搜索渠道稳定性"", ""okr_diagnosis"": """", ""improvement_suggestions"": ""主图调整：优化主图视觉布局→提点击率→+0.5pp→看CTR；详情图优化：强化首屏利益点引导→提转化率→+0.3pp→看支付转化"", ""missing_data_impact"": ""目标信息与OKR数据均缺失，健康度、目标达成风险、KR诊断无法评估；主图点击率为0属严重数据异常，所有CTR相关归因与建议需以修复数据采集为前提验证""}"
"2026-03-16","736691780861","0.0526","4.84","1856.07","1856.07","0.1739","2661","640","88","0.1375","0","0","0.00","0.00","279","498","10670.35","0.1048","38.24","4.01","356","608","0.1338","53","0.0199","279","498","0.1048","12285.18","1614.83","0.1314","12285.18","44.03","4.62","24.18","0.68","9317","292","526","10900.95","0.1097","210","69","4500.89","0.00","0.1739","0.1314","1614.83","0.0000","0.0000","2026-03-18 10:20:58","","#### 1. 分析思路

目标缺失→兜底分析：访客与转化趋势→问题识别→增长归因→知识库策略适配

#### 2. 核心结论

访客数整体下降（3月9日至3月16日：3102→2661），在3月9日至3月11日期间持续下降（3102→2856→2730）；支付转化率整体下降（3月9日至3月16日：11.86%→10.48%），在3月10日至3月13日期间持续下降（11.97%→11.58%→7.13%）；

#### 4. 问题剖析

主图点击率连续3日为0→主图失效或曝光异常→流量承接中断；搜索访客数下降17.8%→搜索权重或词效下滑；收藏率1.99%偏低→信任/卖点感知不足

#### 5. 增长分析

客单价44.03元（+3.2%环比）→高价值订单占比提升；UV价值4.62元→流量质量稳中有升；核心驱动：高客单订单集中释放

#### 7. 改进建议

主图调整：更换主图并AB测试→提主图点击率→+2pp→看CTR；买家秀优化：置顶高客单买家实拍→提转化率→+0.5pp→看支付转化

#### 8. 数据缺失与影响

目标信息与OKR数据均缺失，健康度、月目标风险、KR达成诊断无法开展；所有结论基于业务表现数据推断；主图点击率为0需优先验证是否埋点异常或主图下线，建议补齐监控日志后复核
","2","{""analysis_thought"": ""目标缺失→兜底分析：访客与转化趋势→问题识别→增长归因→知识库策略适配"", ""core_conclusion"": ""访客数整体下降（3月9日至3月16日：3102→2661），在3月9日至3月11日期间持续下降（3102→2856→2730）；支付转化率整体下降（3月9日至3月16日：11.86%→10.48%），在3月10日至3月13日期间持续下降（11.97%→11.58%→7.13%）；"", ""health_indicator"": """", ""problem_analysis"": ""主图点击率连续3日为0→主图失效或曝光异常→流量承接中断；搜索访客数下降17.8%→搜索权重或词效下滑；收藏率1.99%偏低→信任/卖点感知不足"", ""growth_analysis"": ""客单价44.03元（+3.2%环比）→高价值订单占比提升；UV价值4.62元→流量质量稳中有升；核心驱动：高客单订单集中释放"", ""okr_diagnosis"": """", ""improvement_suggestions"": ""主图调整：更换主图并AB测试→提主图点击率→+2pp→看CTR；买家秀优化：置顶高客单买家实拍→提转化率→+0.5pp→看支付转化"", ""missing_data_impact"": ""目标信息与OKR数据均缺失，健康度、月目标风险、KR达成诊断无法开展；所有结论基于业务表现数据推断；主图点击率为0需优先验证是否埋点异常或主图下线，建议补齐监控日志后复核""}"
"2026-03-18","796662787328","0.0000","4.86","2240.37","2240.37","0.2103","1664","828","76","0.0918","0","0","0.00","0.00","181","248","10655.32","0.1088","58.87","6.40","234","307","0.1406","27","0.0162","181","248","0.1088","12671.83","2016.51","0.1591","12671.83","70.01","7.62","23.64","0.65","5379","191","272","12382.08","0.1148","116","65","4988.93","0.00","0.2103","0.1591","2016.51","0.0000","0.0000","2026-03-19 15:17:00","","#### 1. 分析思路

目标缺失→兜底分析；聚焦访客、转化、推广趋势；过滤0值指标；主图点击率为0跳过；依赖知识库方法论

#### 2. 核心结论

访客数整体增长（3月11日至3月18日：1176→1664），在3月11日至3月13日期间持续下降（1176→922→919）；支付转化率整体提升（3月11日至3月18日：10.80%→10.88%），在3月14日至3月16日期间持续下降（12.11%→11.05%→8.28%）；

#### 4. 问题剖析

主图点击率持续为0→主图失效，影响流量承接；推广占比超20%→ROI承压；搜索访客虽增但绝对量不足→自然流量薄弱

#### 5. 增长分析

搜索访客数近7天增长155%，源于关键词优化或竞品词抢夺；收藏率稳定在1.5%左右，说明基础信任尚可

#### 7. 改进建议

主图调整：更换首图并AB测试→提主图点击率→从0突破→看CTR是否>3%；推广调整：收缩高CPC人群→降推广占比至15%→看ROI提升

#### 8. 数据缺失与影响

目标信息与OKR数据均缺失，无法评估日/月目标健康度及KR达成情况；所有目标相关结论均为业务表现推断；改进建议需补目标后验证ROI与转化率提升效果
","2","{""analysis_thought"": ""目标缺失→兜底分析；聚焦访客、转化、推广趋势；过滤0值指标；主图点击率为0跳过；依赖知识库方法论"", ""core_conclusion"": ""访客数整体增长（3月11日至3月18日：1176→1664），在3月11日至3月13日期间持续下降（1176→922→919）；支付转化率整体提升（3月11日至3月18日：10.80%→10.88%），在3月14日至3月16日期间持续下降（12.11%→11.05%→8.28%）；"", ""health_indicator"": """", ""problem_analysis"": ""主图点击率持续为0→主图失效，影响流量承接；推广占比超20%→ROI承压；搜索访客虽增但绝对量不足→自然流量薄弱"", ""growth_analysis"": ""搜索访客数近7天增长155%，源于关键词优化或竞品词抢夺；收藏率稳定在1.5%左右，说明基础信任尚可"", ""okr_diagnosis"": """", ""improvement_suggestions"": ""主图调整：更换首图并AB测试→提主图点击率→从0突破→看CTR是否>3%；推广调整：收缩高CPC人群→降推广占比至15%→看ROI提升"", ""missing_data_impact"": ""目标信息与OKR数据均缺失，无法评估日/月目标健康度及KR达成情况；所有目标相关结论均为业务表现推断；改进建议需补目标后验证ROI与转化率提升效果""}"